title,categories,author,published_at,article_url,summary_excerpt,image_url,source_url
"University report finds split AI adoption patterns, concerns of risks",University News | homepage,Ivy Huang,"Fri, 10 Jul 2026 00:36:45 -0400",https://www.browndailyherald.com/article/2026/07/university-report-finds-split-ai-adoption-patterns-concerns-of-risks,The Generative AI in Teaching and Learning Committeereport found asymmetric patterns of generative AI use across campus according to a Tuesday Today@Brown message.According to the report - shared with the community Provost Francis Doyle - 56% of undergraduate respondents and 67% of graduate and medical student respondents reported intentionally using generative AI tools daily or weekly.The committee noted they found a disconnect between the ways students and faculty use generative AI. They fo...,,https://www.browndailyherald.com/feed
"Paxson earned over $1.9 million in 2024, an approximately 39% decrease from previous year",University News | homepage,Roma Shah,"Thu, 09 Jul 2026 15:56:54 -0400",https://www.browndailyherald.com/article/2026/07/paxson-earned-over-1-9-million-in-2024-an-approximately-39-decrease-from-previous-year,"President Christina Paxson P'19 P'MD'20 earned about $1.95 million in total compensation in 2024, according to the University's fiscal year 2025 nonprofit tax filings. This marks an approximately 39% decrease from her compensation of over $3.1 million in 2023.This decrease is explained by the fact that Paxson earned no bonus or incentive compensation in 2024 after earning $1.2 million in bonus or incentive compensation the prior year. Paxson's base compensation remained steady for both years....",,https://www.browndailyherald.com/feed
Man charged with murder of 86-year-old on College Hill,Metro | homepage,Michelle Bi,"Wed, 08 Jul 2026 02:59:13 -0400",https://www.browndailyherald.com/article/2026/07/man-charged-with-murder-of-86-year-old-on-college-hill,"Providence police have charged a man for the murder of an 86-year-old.According to a press release, 25-year-old Dylan Sutphin was taken into custody without incident in downtown Providence on Thursday. Sutphin is being charged for the murder of John Conley, who was injured in the area of Thayer and Angell streets on June 25.Responding to a report of a man down, officers from the Providence Fire Department located Conley, who was complaining of neck pain. Conley underwent treatment at Rhode Is...",,https://www.browndailyherald.com/feed
GLO contract expires as tense negotiations continue,University News | homepage,Emily Feil,"Fri, 03 Jul 2026 09:43:08 -0400",https://www.browndailyherald.com/article/2026/07/glo-contract-expires-as-tense-negotiations-continue,"On Wednesday, the three-year collective bargaining agreement between Brown and the Graduate Labor Organization expired. But according to University officials and GLO, there is no end in sight for a new contract.""While all parties have worked in good faith since February to bargain toward a new contract, including a final session yesterday before the contract expiration, we remain far apart on important issues,"" Provost Francis Doyle and Executive Vice President for Finance and Administration...",,https://www.browndailyherald.com/feed
New law revives expired clergy sexual abuse claims,Metro | homepage,Talia Egnal,"Mon, 15 Jun 2026 10:52:14 -0400",https://www.browndailyherald.com/article/2026/06/new-law-revives-expired-clergy-sexual-abuse-claims,"On Thursday, Gov. Dan McKee signed a bill amending the statute of limitations for victims of childhood sexual abuse claims, opening the door for survivors to sue the Diocese of Providence.The legislation allows survivors of sexual assault whose claims would be prevented by a statute of limitations to initiate legal action during a ""revival window"" beginning on July 1, 2026 and ending on June 30, 2028. Institutions can be held liable for conduct including negligence in supervising someone who...",,https://www.browndailyherald.com/feed
University to develop thermal energy system as part of net-zero emission efforts,University News | homepage,Ian Ritter,"Thu, 11 Jun 2026 02:02:37 -0400",https://www.browndailyherald.com/article/2026/06/university-to-develop-thermal-energy-system-as-part-of-net-zero-emission-efforts,"The University is planning to create a new thermal energy system, with its central hub located in a 14,000-square-foot expansion of Page-Robinson Hall, Vice President for Facilities and Campus Operations Michael Guglielmo and Assistant Vice President for Sustainability and Resiliency Jessica Berry shared in a Wednesday Today@Brown announcement. The system is one part of a broader University initiative to achieve net-zero greenhouse gas emissions by 2040.The hub, which received authorization f...",,https://www.browndailyherald.com/feed
Corporation increases deficit with $1.95 billion budget for fiscal year 2027,University News | homepage,Jeremiah Farr,"Wed, 03 Jun 2026 17:53:52 -0400",https://www.browndailyherald.com/article/2026/06/corporation-increases-deficit-with-1-95-billion-budget-for-fiscal-year-2027,"The Corporation, the University's highest governing body, approved a $1.95 billion budget for fiscal year 2027 in their May meeting, according to a May 27 Today@Brown message. With $1.89 billion in expected revenue, the new budget creates over $50 million in debt, up from fiscal year 2026's $29 million deficit.The FY27 budget follows efforts to reduce the University's structural deficit, including laying off employees, freezing Ph.D. admissions and pausing net-zero emissions goals. The new bu...",,https://www.browndailyherald.com/feed
State council votes to return PPSD to local control,Metro | homepage,Ava Stryker-Robbins,"Tue, 26 May 2026 22:13:09 -0400",https://www.browndailyherald.com/article/2026/05/state-council-votes-to-return-ppsd-to-local-control,"The Council on Elementary and Secondary Education officially voted to return the Providence Public School District from state to local control by July 1 at a Tuesday meeting. Discussions regarding the transition are ongoing, and a community forum is set to take place on June 3.""In the weeks ahead, our district leadership team will continue working diligently to ensure PPSD stays the course and that we provide stability and keep our community informed every step of the way,"" PPSD Superintenden...",,https://www.browndailyherald.com/feed
Baseball falls to Yale in Ivy League Tournament championship game,Sports | homepage,Sajiv Mehta,"Tue, 26 May 2026 18:03:31 -0400",https://www.browndailyherald.com/article/2026/05/baseball-falls-to-yale-in-ivy-league-tournament-championship-game,"As Brown baseball headed into the ninth inning of the Ivy League Tournament opener in New Haven, they faced a Herculean challenge. Down 4-3 to No. 2 Penn, No. 3 Brown would need to scrape together a run to tie the game. If they failed to meet the moment, the Bears would suffer a near-fatal first loss in the double-elimination tournament.But Brown soared above the match's pressures, scoring a sensational 4 runs to stun the Quakers and grab their first postseason victory since 2007. Over the co...",,https://www.browndailyherald.com/feed
Francesca Beaudoin PhD'17 to stay on as permanent School of Public Health dean,University News | homepage,Ian Ritter,"Fri, 22 May 2026 16:11:25 -0400",https://www.browndailyherald.com/article/2026/05/francesca-beaudoin-phd-17-to-stay-on-as-permanent-school-of-public-health-dean,"Francesca Beaudoin PhD'17, a professor of epidemiology and of emergency medicine, will become the next dean of the School of Public Health on June 1. Beaudoin has filled the role in an interim capacity since January after the departure of former dean Ashish Jha.""Francesca is a proven academic leader who deeply embodies Brown's mission of translating world-class research into real-world impact,"" Provost Francis Doyle shared in a Tuesday message announcing the new dean.As dean, Beaudoin will ov...",,https://www.browndailyherald.com/feed
"University announces summer plans for Barus and Holley renovations, security camera expansions",University News,Talia Egnal,"Fri, 08 May 2026 01:16:56 -0400",https://www.browndailyherald.com/article/2026/05/university-announces-summer-plans-for-barus-and-holley-renovations-security-camera-expansions,"The University is in the process of renovating 10 Barus and Holley classrooms that were closed after the Dec. 13 shooting, with the goal of having the rooms available for use in the middle of the 2026-27 academic year, according to a Thursday Today@Brown announcement.Given the ""inherent uncertainties involved in such a significant renovation,"" courses will not be scheduled in these classes for the upcoming academic year, the announcement reads. The closed rooms make up roughly 10% of the Univ...",,https://www.browndailyherald.com/feed
Brown Canvas hacked in nationwide cyberattack,University News | breaking | homepage,Ian Ritter,"Thu, 07 May 2026 17:15:03 -0400",https://www.browndailyherald.com/article/2026/05/brown-canvas-hacked-in-nationwide-cyberattack,"Shortly after 4 p.m., Instructure, the parent company of Canvas, was hacked by ShinyHunters, a criminal hacker and extortion group. The Canvas webpage for many schools, including Brown, was placed under ransom along with some student data held on the platform.According to a ransom note posted on the Canvas website, ShinyHunters stated that universities have until May 12 to ""negotiate a settlement."" The note was taken down around 4:43 p.m., and the site now displays a page stating that it is u...",,https://www.browndailyherald.com/feed
"Hundreds rally for graduate unionization, immigrant protections",Metro | homepage,Michelle Bi,"Wed, 06 May 2026 00:20:03 -0400",https://www.browndailyherald.com/article/2026/05/hundreds-rally-for-graduate-unionization-immigrant-protections,"On May 1, hundreds of Brown and Providence community members gathered on the steps of the John D. Rockefeller Jr. Library before marching down to the Rhode Island State House. At the ""May Day"" rally, protestors called for an end to the war in Iran, criticized the actions of Immigration and Customs Enforcement agents and called on the University to voluntarily recognize graduate fellow unionization.The Providence mobilization - which was part of the nationwide ""May Day Strong"" movement - also...",,https://www.browndailyherald.com/feed
Spring Weekend 2026 performances deliver mixed bag to Main Green,Arts &amp; Culture | Review | homepage,Alice Xie,"Mon, 04 May 2026 14:45:47 -0400",https://www.browndailyherald.com/article/2026/05/spring-weekend-2026-performances-deliver-mixed-bag-to-main-green,"On April 25, students flocked to the Main Green for an afternoon of food trucks, flashing stage lights and live music. Hosted by the Brown Concert Agency, the annual Spring Weekend festival - a one-day event since 2024 - showcased a variety of acts ranging from synth-pop to retro-soul.While underwhelming at times, performances by Isabella Lovestory, BunnaB, Magdalena Bay and Thee Sacred Souls were ultimately enough to keep students engaged.Isabella Lovestory brought the energy - Brown didn'tW...",,https://www.browndailyherald.com/feed
poly-tongued [narrative],post- magazine | post-narrative,Christina Li,"Fri, 01 May 2026 16:13:14 -0400",https://www.browndailyherald.com/article/2026/05/glance-li,"In AsiÄ est vir clÄrus.Right around nine in the morning, when the sun shines ripe-having risen for a few hours now-the wheels touch down. At this moment, I feel my feet make contact with ground, too, but the invisible kind. At first glance through the plane window, it doesn't look any different from America. You have to squint your eyes in order to better discern the thick brush of greenery beyond the runway, the pines similar in shape yet surely more ancient.The landscape blurs past the bu...",,https://www.browndailyherald.com/feed
on violins [narrative],post- magazine | post-narrative,Danielle Li,"Fri, 01 May 2026 16:11:23 -0400",https://www.browndailyherald.com/article/2026/05/violin-li,"It is difficult for me to wax poetic about the beauty of a stringed instrument in a way that hasn't been done before by countless violinists, violists, cellists, and bassists. In fact, my description would be much lesser in fluency and articulation, albeit meant with the same sincerity.It has been many years since I last unzipped the worn fabric case of the old violin. I do not dare venture to call it my violin, as I appear to have belonged to it more than it ever belonged to me. It was hande...",,https://www.browndailyherald.com/feed
"Brown U. Health must turn over gender-affirming care records to DOJ, judge rules",Metro | homepage,James Libresco,"Fri, 01 May 2026 15:52:33 -0400",https://www.browndailyherald.com/article/2026/05/brown-u-health-must-turn-over-gender-affirming-care-records-to-doj-judge-rules,"Brown University Health must turn over patient and administrative records related to gender-affirming care for minors to the U.S. Department of Justice, a federal judge in Texas ruled Thursday.The ruling comes amid a federal investigation into healthcare providers across the nation - including Rhode Island Hospital, which is operated by BUH - about the distribution of puberty blocking and hormone therapy drugs to minors. Federal judges in other jurisdictions have shot down similar DOJ subpoen...",,https://www.browndailyherald.com/feed
bear in mind [crossword],Games | post- magazine | post-pourri,Ina Ma,"Thu, 30 Apr 2026 20:07:25 -0400",https://www.browndailyherald.com/article/2026/05/bear-ma,,,https://www.browndailyherald.com/feed
"lowercase, with a hyphen [A&C]",post- magazine | post-arts-culture,Indigo Mudbhary,"Thu, 30 Apr 2026 19:59:58 -0400",https://www.browndailyherald.com/article/2026/04/lowercase-mudbhary,"Whenever I am brainstorming what to write about for the Arts & Culture section of this fantastic publication, I tend to make a list of the films, TV series, books, songs, albums, and other media that I have consumed recently. But as I geared up to do this once again, I realized that there is an equal amount of art being produced on campus that is just as worthy of the attention of A&C writers like myself, yet seldom populates this section. From student bands to campus publications to visual a...",,https://www.browndailyherald.com/feed
"Editors' note: A semester later, our campus is as strong as ever",Opinions | Editors&#039; Note,136th Editorial Board,"Fri, 24 Apr 2026 05:34:55 -0400",https://www.browndailyherald.com/article/2026/04/editors-note-a-semester-later-our-campus-is-as-strong-as-ever,"On Jan. 23, we published our first print edition as the 136th Editorial Board. Today - over 600 articles later - we are publishing our final print edition of the semester.In the hundreds of thousands of words we have published since the beginning of our tenure, we have tried to capture the Brown community for all that it is. We are a community shaken by grief, still reeling from the unimaginable violence that shocked our campus on Dec. 13, 2025. But we are also a community defined by incredib...",,https://www.browndailyherald.com/feed
"On RISD's campus, AI remains contentious issue",Metro | homepage,Emily Feil,"Fri, 24 Apr 2026 03:58:25 -0400",https://www.browndailyherald.com/article/2026/04/on-risds-campus-ai-remains-contentious-issue,"When applying to the Rhode Island School of Design, students are allowed to use artificial intelligence in their portfolio as long as the admissions committee is made aware of how it was used in the creation of the work.But on campus, the RISD community is split on the role of AI in art.While RISD has not published a formal institutional policy on AI, its Academic Code of Conduct prohibits the use of AI if it is not attributed properly or if it gives the student an ""unfair academic advantage....",,https://www.browndailyherald.com/feed
Rahman '26: Why I write,Columns | Opinions,Tasawwar Rahman,"Fri, 24 Apr 2026 02:34:58 -0400",https://www.browndailyherald.com/article/2026/04/rahman-26-why-i-write,"Imagine you are a 19th-century shipowner about to send one of your vessels to the New World, carrying a cargo of hopeful families seeking a better life. While your ship has historically been sturdy, she has seen many rough seas and often needs repair. Doubt begins to creep into your mind about whether your ship is truly safe. If, nonetheless, you follow through and send this ship out to sail, should disaster befall the voyage, are you morally liable for what happens to these families?This is...",,https://www.browndailyherald.com/feed
A snapshot of sports game attendance at Brown,Sports | homepage,Abigail Donovan,"Fri, 24 Apr 2026 02:03:27 -0400",https://www.browndailyherald.com/article/2026/04/a-snapshot-of-sports-game-attendance-at-brown,https://projects.browndailyher...,,https://www.browndailyherald.com/feed
Editorial: Brown must grapple with its relationship with the United States,Opinions | Editorials,Editorial Page Board,"Fri, 24 Apr 2026 01:49:15 -0400",https://www.browndailyherald.com/article/2026/04/editorial-brown-must-grapple-with-its-relationship-with-america,"Last week, Yale released a report arguing that universities share responsibility for the nation's loss of trust in higher education. Trust in private universities - along with the reputation of the Ivy League - is especially depressed. Faith in higher education reached a historic low of 36% in 2024. Even though we are no longer facing immediate funding threats from the federal government, Brown should not ignore the American public's skepticism. As the University is able to refocus on its ins...",,https://www.browndailyherald.com/feed
Brown researchers highlight which abnormalities in lung CT scans might reveal non-lung cancers,Science &amp; Research,Nishita Malhan,"Fri, 24 Apr 2026 01:43:02 -0400",https://www.browndailyherald.com/article/2026/04/brown-researchers-highlight-which-abnormalities-in-lung-ct-scans-might-reveal-non-lung-cancers,"It has long been known that smoking cigarettes is a leading cause of lung cancer. But what might not be as obvious is that cigarette smoking can also lead to seemingly unrelated types of cancer, like urinary or pancreatic cancer.A lung CT scan, or computerized tomography scan, is a vital tool used to detect lung cancer, but can also be useful in identifying non-lung cancers. In a new study, Brown researchers identified which abnormalities found in lung CT scans should be followed up with furt...",,https://www.browndailyherald.com/feed
Manhardt '26: Take an acting class,Columns | Opinions,Batisse Manhardt,"Fri, 24 Apr 2026 01:30:40 -0400",https://www.browndailyherald.com/article/2026/04/manhardt-26-take-an-acting-class,"I stumbled into TAPS 0030: ""Introduction to Acting and Directing"" during my fall semester of senior year after a friend randomly mentioned the class to me. I had previously acted in a middle school play, and enjoyed the creative and fun aspects of it, though I'd never taken an acting class. After an amazing first semester, I decided to continue and take TAPS 0230: ""Acting."" After an entire year of acting classes, I realized that these courses offer far more than public speaking skills.Many cl...",,https://www.browndailyherald.com/feed
Aizenberg '26: What I have learned from writing 30 opinion columns for The Herald,Columns | Opinions,Benjamin Aizenberg,"Fri, 24 Apr 2026 01:27:25 -0400",https://www.browndailyherald.com/article/2026/04/aizenberg-26-what-i-have-learned-from-writing-30-opinion-columns-for-the-herald,"It's 3 a.m. and I'm sitting in my cramped dorm room in Perkins Hall, trying to write an opinion column about why Taylor Swift is overrated. The problem is that I don't know much about Taylor Swift, other than that it annoys me when people treat her like a god. I struggle to find a way to start and my argument is vague and shamelessly contrarian. Still, it has to get done - I meet with my editor in nine hours. Eventually, I write the piece and it gets published, though it is not my best work.T...",,https://www.browndailyherald.com/feed
Three more new singles to get you through finals,Arts &amp; Culture | Review,Alyssia Ouhocine,"Fri, 24 Apr 2026 00:29:48 -0400",https://www.browndailyherald.com/article/2026/04/three-more-new-singles-to-get-you-through-finals,"As the academic year comes to a close, Brown students are gearing up for a summer full of possibilities - and whatever fills the next few months. The Herald has your summer soundtrack covered with three hot new singles.April has been a packed month for music lovers, with every genre producing new, inventive tracks to while away the time. Maisie Peters, Lana Del Rey and Kacey Musgraves are just a few standouts to keep an eye on this spring.Maisie Peters's ""Kingmaker (with Julia Michaels)""The r...",,https://www.browndailyherald.com/feed
Professor Omer Bartov's book argues Zionism evolved from humanitarian movement to militarized state ideology,Science &amp; Research,Elizabeth Rosenbaum,"Fri, 24 Apr 2026 00:27:52 -0400",https://www.browndailyherald.com/article/2026/04/professor-omer-bartovs-book-argues-zionism-evolved-from-humanitarian-movement-to-militarized-state-ideology,"When Professor of Holocaust and Genocide Studies Omer Bartov was growing up in Tel Aviv, he played among the rubble of abandoned cemeteries, Arab houses and Palestinian property.But as a child, ""we had no idea what it was, and nobody really told us,"" Bartov recalled in an interview with The Herald. Decades later, he learned that they were remnants of the Nakba - a period of mass displacement of Palestinians that occurred during the 1948 Arab-Israeli war.These lost histories shaped his scholar...",,https://www.browndailyherald.com/feed
"Women's tennis finishes regular season with 4-1 win against Penn, 4-1 loss against Princeton",Sports,Rahul Sameer,"Thu, 23 Apr 2026 03:28:19 -0400",https://www.browndailyherald.com/article/2026/04/womens-tennis-finishes-regular-season-with-4-1-win-against-penn-4-1-loss-against-princeton,"On Saturday, the women's tennis team (16-8, 3-4 Ivy) secured an impressive 4-1 win against Penn (11-12, 2-5 Ivy). The victory sealed their penultimate match of the regular season and marked the Bears' third Ivy win.Following Saturday's success, Bruno faced Princeton (18-3, 6-1 Ivy) on Sunday in the season's final match. Unfortunately for Bruno, the Bears could not maintain momentum from their win over Penn - ultimately losing to the Tigers 4-1. After the loss, Brown sits at No. 4 in the Ivy L...",,https://www.browndailyherald.com/feed
'Point of Entry' exhibit creates art from an American Elm tree,Arts &amp; Culture,Taek Lee,"Thu, 23 Apr 2026 01:49:11 -0400",https://www.browndailyherald.com/article/2026/04/point-of-entry-exhibit-creates-art-from-an-american-elm-tree,"In May 2024, an American elm tree was cut down on the Main Green. Now, two years later, the tree's wood is finding new life through pieces featured in the Brown Art Institute's new ""Point of Entry"" exhibit, which is on display from April 23 through May 27.Eiden Spilker '24 - the exhibit's curator - told The Herald that he wanted the exhibit to illustrate the diverse significance that the elm held for community members.""I was spending so much time thinking about it. What's its meaning? What's...",,https://www.browndailyherald.com/feed
'Man on the Run' depicts a Paul McCartney as wise as he is wild,Arts &amp; Culture | Review,Rebecca Goodman,"Wed, 22 Apr 2026 02:07:25 -0400",https://www.browndailyherald.com/article/2026/04/man-on-the-run-depicts-a-paul-mccartney-as-wise-as-he-is-wild,"Paul McCartney really never left - not in the '70s and not now. ""Man on the Run,"" a new documentary directed by Morgan Neville, which Brown recently screened as part of an event at the Veterans Memorial Auditorium, wholly affirms the legend's lasting power.Consisting of footage and photographs from the '70s, the film documents the decade of Paul McCartney's life between the breakup of The Beatles and the death of John Lennon.The film's opening grapples with the big question: Who broke up The...",,https://www.browndailyherald.com/feed
'Noah Kahan: Out of Body' artfully contextualizes Vermont songwriter's music,Arts &amp; Culture | Review,Talia LeVine,"Wed, 22 Apr 2026 00:22:26 -0400",https://www.browndailyherald.com/article/2026/04/noah-kahan-out-of-body-artfully-contextualizes-vermont-songwriters-music,"Released on April 13, ""Noah Kahan: Out of Body"" is a masterfully crafted film that establishes how the star found his way in the music industry. Available to stream on Netflix, the documentary follows Noah Kahan as he returns to his hometown to reflect on his music, which is heavily influenced by his time growing up in rural Vermont.Through interviews with Kahan, his wife, siblings and parents, viewers learn more about the stories behind his discography, which is heavily influenced by moments...",,https://www.browndailyherald.com/feed
Baseball splits home doubleheader against Columbia,Sports,Harry Guo,"Mon, 20 Apr 2026 23:43:21 -0400",https://www.browndailyherald.com/article/2026/04/baseball-splits-home-doubleheader-against-columbia,"This past weekend, the baseball team (17-14, 9-4 Ivy) split a doubleheader at home against Columbia (10-21, 6-8 Ivy), winning 6-1 in the first game before dropping the second 11-2. Sunday's series finale was postponed due to weather.Coming off the heels of a dominant 9-1 win against Holy Cross (16-23, 10-10 Patriot League) last Tuesday, Bruno entered the series looking to carry the momentum forward.The doubleheader began with an electric performance from pitcher Peter Dubie '26, who struck ou...",,https://www.browndailyherald.com/feed
Softball falls 2-1 in home series against Harvard,Sports,Addison Whiteside,"Wed, 15 Apr 2026 23:48:38 -0400",https://www.browndailyherald.com/article/2026/04/softball-falls-2-1-in-home-series-against-harvard,"This past weekend, softball (11-19, 4-8 Ivy) faced Harvard (16-16-1, 8-4) in a heavy-hitting Ivy League series at home. Despite opening with a strong 4-0 win on Saturday, Bruno couldn't maintain momentum and fell to Harvard 5-1 later that day and 10-2 on Sunday.Despite the mixed results, the team has maintained a positive and united attitude. ""At the end of the day, we always find a way to enjoy the game and each other,"" Lily Berlinger '26 wrote in an email to The Herald.Coming off of the hee...",,https://www.browndailyherald.com/feed
