content_id,name,email,phone,address,map_url,directory_entry_url,directory_source_url
unit_site_14356,Academic Calendar,Registrar@brown.edu,401-863-2500,"69 Brown Street | Providence , RI 02912 | Page-Robinson Hall, 3rd floor",https://www.google.com/maps/dir/?api=1&destination=69%20Brown%20Street%20Providence%20RI%2002912,https://www.brown.edu/a-z/academic-calendar,https://www.brown.edu/a-z
unit_site_14371,Accounts Payable Office,,,"South Street Landing | Providence , RI 02903 | 350 Eddy Street, 4th Floor",https://www.google.com/maps/dir/?api=1&destination=South%20Street%20Landing%20Providence%20RI%2002903,https://www.brown.edu/a-z/accounts-payable-office,https://www.brown.edu/a-z
unit_site_14376,Administrative Policies,administrative_policy@brown.edu,,,,https://www.brown.edu/a-z/administrative-policies,https://www.brown.edu/a-z
unit_site_14381,Advance Clinical and Translational Research,AdvanceRI@brown.edu,401-863-3679,"233 Richmond Street | Providence , RI 02912",https://www.google.com/maps/dir/?api=1&destination=233%20Richmond%20Street%20Providence%20%20RI%2002912,https://www.brown.edu/a-z/advance-clinical-and-translational-research,https://www.brown.edu/a-z
unit_site_15361,Undergraduate Advising,,,,,https://www.brown.edu/a-z/undergraduate-advising,https://www.brown.edu/a-z
unit_site_26406,Advisory Committee on University Resources Management (ACURM),,,,,https://www.brown.edu/a-z/advisory-committee-university-resources-management-acurm,https://www.brown.edu/a-z
unit_site_31310,Africa Initiative,,401-863-5059,,,https://www.brown.edu/a-z/africa-initiative,https://www.brown.edu/a-z
unit_site_14691,Department of Africana Studies,,401-863-3137,"155 Angell Street | Providence , RI 02912",https://www.google.com/maps/dir/?api=1&destination=155%20Angell%20Street%20Providence%20RI%2002912,https://www.brown.edu/a-z/department-africana-studies,https://www.brown.edu/a-z
unit_site_14441,Brown University AIDS Program,,401-793-8227,"The RISE Building | Providence , RI 02906 | 14 Third Street",https://www.google.com/maps/dir/?api=1&destination=The%20RISE%20Building%20Providence%20%20RI%2002906,https://www.brown.edu/a-z/brown-university-aids-program,https://www.brown.edu/a-z
unit_site_21321,Brown Alumni Association,alumni@brown.edu,401-863-3307,,,https://www.brown.edu/a-z/brown-alumni-association,https://www.brown.edu/a-z
unit_site_14696,Department of American Studies,,401-863-2896,"71 George Street | Providence , RI 02912",https://www.google.com/maps/dir/?api=1&destination=71%20George%20Street%20Providence%20RI%2002912,https://www.brown.edu/a-z/department-american-studies,https://www.brown.edu/a-z
unit_site_31117,Department of Anesthesiology,,,,,https://www.brown.edu/a-z/department-anesthesiology,https://www.brown.edu/a-z
unit_site_21311,Annenberg Institute for School Reform,annenberg@brown.edu,401-863-7990,"164 Angell Street | Providence , RI 02912 | 2nd floor",https://www.google.com/maps/dir/?api=1&destination=164%20Angell%20Street%20Providence%20RI%2002912,https://www.brown.edu/a-z/annenberg-institute-school-reform,https://www.brown.edu/a-z
unit_site_21316,Brown Annual Fund,annual_fund@brown.edu,401-863-3300,,,https://www.brown.edu/a-z/brown-annual-fund,https://www.brown.edu/a-z
unit_site_14701,Department of Anthropology,,401-863-3251,"Giddings House | Providence , RI 02912 | 128 Hope Street",https://www.google.com/maps/dir/?api=1&destination=Giddings%20House%20Providence%20RI%2002912,https://www.brown.edu/a-z/department-anthropology,https://www.brown.edu/a-z
unit_site_26156,Task Force on Anti-Black Racism,,,,,https://www.brown.edu/taskforce-anti-black-racism,https://www.brown.edu/a-z
unit_site_14891,Division of Applied Mathematics,applied-mathematics@brown.edu,401-863-2115,"182 George Street | Providence , RI 02912",https://www.google.com/maps/dir/?api=1&destination=182%20George%20Street%20Providence%20RI%2002912,https://www.brown.edu/a-z/division-applied-mathematics,https://www.brown.edu/a-z
unit_site_16221,ASK: Advising Sidekick,,,,,https://www.brown.edu/a-z/ask-advising-sidekick,https://www.brown.edu/a-z
unit_site_20526,Banner,,,,,https://www.brown.edu/a-z/banner,https://www.brown.edu/a-z
unit_site_21641,Banner for Administrators,,,,,https://www.brown.edu/a-z/banner-administrators,https://www.brown.edu/a-z
unit_site_14706,Department of Behavioral and Social Sciences,BSS-Department@brown.edu,401-863-6578,,,https://www.brown.edu/a-z/department-behavioral-and-social-sciences,https://www.brown.edu/a-z
unit_site_15206,Program in Biology,Medical_School@brown.edu,401-863-3330,"91 Waterman Street | Providence , RI 02912",https://www.google.com/maps/dir/?api=1&destination=91%20Waterman%20Street%20Providence%20RI%2002912,https://www.brown.edu/a-z/program-biology,https://www.brown.edu/a-z
unit_site_14896,Division of Biology & Medicine,,401-863-3330,,,https://www.brown.edu/a-z/division-biology-medicine,https://www.brown.edu/a-z
unit_site_14531,"Institute for Biology, Engineering and Medicine",BME@brown.edu,401-863-6778,"Biomedical Center | Providence , RI 02912 | 171 Meeting Street",https://www.google.com/maps/dir/?api=1&destination=Biomedical%20Center%20Providence%20RI%2002912,https://www.brown.edu/a-z/institute-biology-engineering-and-medicine,https://www.brown.edu/a-z
unit_site_15111,Office of Biomed Communications,office_of_biomed_communications@brown.edu,,,,https://www.brown.edu/a-z/office-biomed-communications,https://www.brown.edu/a-z
unit_site_30677,BioMed Computer Services,,,,,https://www.brown.edu/a-z/biomed-computer-services,https://www.brown.edu/a-z
unit_site_15116,Office of Diversity and Multicultural Affairs,ODMA@brown.edu,401-863-2364,,,https://www.brown.edu/a-z/office-diversity-and-multicultural-affairs,https://www.brown.edu/a-z
unit_site_31769,"Office of BioMed Finance, Planning and Analytics",,,,,https://www.brown.edu/a-z/office-biomed-finance-planning-and-analytics,https://www.brown.edu/a-z
unit_site_31753,BioMed Human Resources,biomed-hr@brown.edu,,"300 Richmond Street | Providence , RI 02912 | Suite 250",https://www.google.com/maps/dir/?api=1&destination=300%20Richmond%20Street%20Providence%20RI%2002912,https://www.brown.edu/a-z/biomed-human-resources,https://www.brown.edu/a-z
unit_site_14711,Department of Biostatistics,,401-863-9831,"121 South Main Street | Providence , RI 02912 | 7th Floor",https://www.google.com/maps/dir/?api=1&destination=121%20South%20Main%20Street%20Providence%20RI%2002912,https://www.brown.edu/a-z/department-biostatistics,https://www.brown.edu/a-z
unit_site_15021,Institute for Brain and Neural Systems,wpb@Brown.edu,401-863-2585,,,https://www.brown.edu/a-z/institute-brain-and-neural-systems,https://www.brown.edu/a-z
unit_site_31253,Brown 2026,,,,,https://www.brown.edu/a-z/brown-2026,https://www.brown.edu/a-z
unit_site_15431,Brown Alumni Magazine,alumni_magazine@brown.edu,401-863-2873,"350 Eddy Street | Providence , RI 02903",https://www.google.com/maps/dir/?api=1&destination=350%20Eddy%20Street%20Providence%20%20RI%2002903,https://www.brown.edu/a-z/brown-alumni-magazine,https://www.brown.edu/a-z
unit_site_29341,Brown and Providence Schools,,,,,https://www.brown.edu/a-z/brown-and-providence-schools,https://www.brown.edu/a-z
unit_site_14401,Brown Arts Institute,artsinstitute@brown.edu,401-863-1934,"Granoff Center | Providence , RI 02912 | 154 Angell Street",https://www.google.com/maps/dir/?api=1&destination=Granoff%20Center%20%20Providence%20%20RI%2002912,https://www.brown.edu/a-z/brown-arts-institute,https://www.brown.edu/a-z
unit_site_14406,Brown Athletics,,401-863-2211,"235 Hope Street | Providence , RI 02912",https://www.google.com/maps/dir/?api=1&destination=235%20Hope%20Street%20Providence%20%20RI%2002912,https://www.brown.edu/a-z/brown-athletics,https://www.brown.edu/a-z
unit_site_14411,Brown Card Office,Brown-Card-Office@brown.edu,401-863-2273,"Page-Robinson Hall, Suite 511 | Providence , RI 02912 | 69 Brown Street",https://www.google.com/maps/dir/?api=1&destination=Page-Robinson%20Hall%2C%20Suite%20511%20Providence%20%20RI%2002912,https://www.brown.edu/a-z/brown-card-office,https://www.brown.edu/a-z
unit_site_14416,Brown Center for Students of Color,BCSC@brown.edu,401-863-2120,"68 Brown Street | Providence , RI 02912",https://www.google.com/maps/dir/?api=1&destination=68%20Brown%20Street%20Providence%20RI%2002912,https://www.brown.edu/a-z/brown-center-students-color,https://www.brown.edu/a-z
unit_site_30555,Brown Collegiate Scholars Program,,,,,https://www.brown.edu/a-z/brown-collegiate-scholars-program,https://www.brown.edu/a-z
unit_site_30163,Brown’s Economic Impact in Providence and Rhode Island,,,,,https://www.brown.edu/a-z/browns-economic-impact-providence-and-rhode-island,https://www.brown.edu/a-z
unit_site_30678,Brown Innovation and Research Collaborative for Health,,,,,https://www.brown.edu/a-z/brown-innovation-and-research-collaborative-health,https://www.brown.edu/a-z
unit_site_14431,Brown Real Estate,,401-863-5482,"350 Eddy Street | Providence , RI 02903",https://www.google.com/maps/dir/?api=1&destination=350%20Eddy%20Street%20%20Providence%20%20RI%2002903,https://www.brown.edu/a-z/brown-real-estate,https://www.brown.edu/a-z
unit_site_30778,Brown Technology Innovations,,,,,https://www.brown.edu/a-z/brown-technology-innovations,https://www.brown.edu/a-z
unit_site_14436,Brown Tougaloo Partnership,Institutional_Diversity@brown.edu,401-863-2216,,,https://www.brown.edu/a-z/brown-tougaloo-partnership,https://www.brown.edu/a-z
unit_site_14446,Brown University Community Council,BUCC_Secretary@brown.edu,,,,https://www.brown.edu/a-z/brown-university-community-council,https://www.brown.edu/a-z
unit_site_30578,Brown Votes,,,,,https://www.brown.edu/a-z/brown-votes,https://www.brown.edu/a-z
unit_site_14466,BrownConnect+,brownconnect@brown.edu,,,,https://www.brown.edu/a-z/brownconnect,https://www.brown.edu/a-z
unit_site_31673,Brown | RISD Dual Degree,BRDD_program@brown.edu,401-863-9800,"Stephen Robert '62 Campus Center, | Providence , RI 02912 | Suite 228",https://www.google.com/maps/dir/?api=1&destination=Stephen%20Robert%20%2762%20Campus%20Center%2C%20Providence%20RI%2002912,https://www.brown.edu/a-z/brown-risd-dual-degree,https://www.brown.edu/a-z
unit_site_14476,Building On Distinction: A Plan For Brown University,strategic-planning@brown.edu,,,,https://www.brown.edu/a-z/building-distinction-plan-brown-university,https://www.brown.edu/a-z
unit_site_14486,Business and Financial Services,,401-863-2699,,,https://www.brown.edu/a-z/business-and-financial-services,https://www.brown.edu/a-z
unit_site_30735,"Business, Entrepreneurship, and Organizations",,,,,https://www.brown.edu/a-z/business-entrepreneurship-and-organizations,https://www.brown.edu/a-z
unit_site_31645,BWell Health Promotion,,,,,https://www.brown.edu/a-z/bwell-health-promotion,https://www.brown.edu/a-z
unit_site_14496,Campus Collections,,401-863-5429,"David Winton Bell Gallery | Providence , RI 02912 | 64 College Street",https://www.google.com/maps/dir/?api=1&destination=David%20Winton%20Bell%20Gallery%20Providence%20RI%2002912,https://www.brown.edu/a-z/campus-collections,https://www.brown.edu/a-z
unit_site_15396,Vice President for Campus Life,campus_life@brown.edu,401-863-1800,"20 Benevolent Street | Providence , RI 02912",https://www.google.com/maps/dir/?api=1&destination=20%20Benevolent%20Street%20Providence%20RI%2002912,https://www.brown.edu/a-z/vice-president-campus-life,https://www.brown.edu/a-z
unit_site_15436,Campus Map,,401-863-7850,"Department of Facilities Management | Providence , RI 02912 | 295 Lloyd Avenue",https://www.google.com/maps/dir/?api=1&destination=Department%20of%20Facilities%20Management%20Providence%20RI%2002912,https://www.brown.edu/a-z/campus-map,https://www.brown.edu/a-z
unit_site_14501,Campus Shuttle,transportation@brown.edu,401-863-3157,"69 Brown Street | Providence , RI 02912 | Page Robinson Hall, Suite 511",https://www.google.com/maps/dir/?api=1&destination=69%20Brown%20Street%20Providence%20RI%2002912,https://www.brown.edu/a-z/campus-shuttle,https://www.brown.edu/a-z
unit_site_20466,Canvas,,,,,https://www.brown.edu/a-z/canvas,https://www.brown.edu/a-z
unit_site_14506,Cardiovascular Research Center,,401-444-0392,"Coro West, 5th Floor | Providence , RI 02903 | 1 Hoppin Street",https://www.google.com/maps/dir/?api=1&destination=Coro%20West%2C%205th%20Floor%20Providence%20RI%2002903,https://www.brown.edu/a-z/cardiovascular-research-center,https://www.brown.edu/a-z
unit_site_15446,Carney Institute for Brain Science,carney-institute@brown.edu,4018637415,"164 Angell Street | Providence , RI 02912",https://www.google.com/maps/dir/?api=1&destination=164%20Angell%20Street%20Providence%20%20RI%2002912,https://www.brown.edu/a-z/carney-institute-brain-science,https://www.brown.edu/a-z
unit_site_31313,Center for Addiction & Disease Risk Exacerbation,,,,,https://www.brown.edu/a-z/center-addiction-disease-risk-exacerbation,https://www.brown.edu/a-z
unit_site_14516,Center for Advanced Materials Research,imni@brown.edu,401-863-6700,,,https://www.brown.edu/a-z/center-advanced-materials-research,https://www.brown.edu/a-z
unit_site_30519,Center For Advancing Health Policy through Research,,,,,https://www.brown.edu/a-z/center-advancing-health-policy-through-research,https://www.brown.edu/a-z
unit_site_14521,Center for AIDS Research,cfar@lifespan.org,401-793-4867,"164 Summit Avenue | Providence , RI 02906 | CFAR Building, Room 134",https://www.google.com/maps/dir/?api=1&destination=164%20Summit%20Avenue%20Providence%20RI%2002906,https://www.brown.edu/a-z/center-aids-research,https://www.brown.edu/a-z
unit_site_14526,Center for Alcohol & Addiction Studies,CAAS@brown.edu,401-863-6600,,,https://www.brown.edu/a-z/center-alcohol-addiction-studies,https://www.brown.edu/a-z
unit_site_27146,Center for Alzheimer's Disease Research,carney-institute@brown.edu,(401) 863-7421,"164 Angell Street | Providence , RI 02912 | 4th Floor",https://www.google.com/maps/dir/?api=1&destination=164%20Angell%20Street%20Providence%20RI%2002912,https://www.brown.edu/a-z/center-alzheimers-disease-research,https://www.brown.edu/a-z
unit_site_14536,Center for Biomedical Informatics,BCBI@Brown.edu,401-863-1942,"233 Richmond Street | Providence , RI 02912",https://www.google.com/maps/dir/?api=1&destination=233%20Richmond%20Street%20Providence%20RI%2002912,https://www.brown.edu/a-z/center-biomedical-informatics,https://www.brown.edu/a-z
unit_site_14586,Center for Biostatistics and Health Data Science,center@stat.brown.edu,401-863-9181,"121 South Main Street | Providence , RI 02912",https://www.google.com/maps/dir/?api=1&destination=121%20South%20Main%20Street%20Providence%20RI%2002912,https://www.brown.edu/a-z/center-biostatistics-and-health-data-science,https://www.brown.edu/a-z
unit_site_31455,Center for Climate Environment and Health,,,,,https://www.brown.edu/a-z/center-climate-environment-and-health,https://www.brown.edu/a-z
unit_site_31881,Center for Digital Scholarship,cds_info@brown.edu,,,,https://www.brown.edu/a-z/center-digital-scholarship,https://www.brown.edu/a-z
unit_site_31308,Center for Environmental Humanities at Brown,,,,,https://www.brown.edu/a-z/center-environmental-humanities-brown,https://www.brown.edu/a-z
unit_site_14616,Center for Epidemiologic Research,CPHCE@brown.edu,401-863-2918,"121 South Main Street | Providence , RI 02912",https://www.google.com/maps/dir/?api=1&destination=121%20South%20Main%20Street%20Providence%20RI%2002912,https://www.brown.edu/a-z/center-epidemiologic-research,https://www.brown.edu/a-z
unit_site_14551,Center for Evidence Synthesis in Health,ev-synth@brown.edu,401-863-3375,,,https://www.brown.edu/a-z/center-evidence-synthesis-health,https://www.brown.edu/a-z
unit_site_14556,Center for Gerontology and Healthcare Research,CGCHR@brown.edu,401-863-3604,,,https://www.brown.edu/a-z/center-gerontology-and-healthcare-research,https://www.brown.edu/a-z
unit_site_14971,Center for Global Health Equity,globalhealth@brown.edu,401-863-1499,"Arnold Lab | Providence , RI 02912 | 91 Waterman Street, Room 205",https://www.google.com/maps/dir/?api=1&destination=Arnold%20Lab%20%20Providence%20RI%2002912,https://www.brown.edu/a-z/center-global-health-equity,https://www.brown.edu/a-z
unit_site_15036,Center for Global Public Health,,401-863-1354,,,https://www.brown.edu/a-z/center-global-public-health,https://www.brown.edu/a-z
unit_site_14561,Center for Health Promotion and Health Equity,chphe@brown.edu,401-863-6550,,,https://www.brown.edu/a-z/center-health-promotion-and-health-equity,https://www.brown.edu/a-z
unit_site_30779,Center for Health System Sustainability,,,,,https://www.brown.edu/a-z/center-health-system-sustainability,https://www.brown.edu/a-z
unit_site_14566,Center for Language Studies,language_studies@brown.edu,401-863-3043,"195 Angell Street | Providence , RI 02912 | 2nd Floor",https://www.google.com/maps/dir/?api=1&destination=195%20Angell%20Street%20Providence%20RI%2002912,https://www.brown.edu/a-z/center-language-studies,https://www.brown.edu/a-z
unit_site_31830,Center for Latin American and Caribbean Studies (CLACS),clacs@brown.edu,+1 401 863 2645,,,https://www.brown.edu/a-z/center-latin-american-and-caribbean-studies-clacs,https://www.brown.edu/a-z
unit_site_14576,Center for Long-Term Care Quality & Innovation,ltc_innovations@brown.edu,401-863-3604,,,https://www.brown.edu/a-z/center-long-term-care-quality-innovation,https://www.brown.edu/a-z
unit_site_14581,Center for Primary Care and Prevention,CPCP@MHRI.org,401-729-2894,"Memorial Hospital | Pawtucket , RI 02860 | 111 Brewster Street",https://www.google.com/maps/dir/?api=1&destination=Memorial%20Hospital%20Pawtucket%20%20RI%2002860,https://www.brown.edu/a-z/center-primary-care-and-prevention,https://www.brown.edu/a-z
unit_site_14591,Center for the Study of Children at Risk,,401-453-7640,"50 Holden Street | Providence , RI 02908 | 1st Floor",https://www.google.com/maps/dir/?api=1&destination=50%20Holden%20Street%20Providence%20%20RI%2002908,https://www.brown.edu/a-z/center-study-children-risk,https://www.brown.edu/a-z
unit_site_31719,Center for Translational Neuroscience,CTN@Brown.edu,,,,https://www.brown.edu/a-z/center-translational-neuroscience,https://www.brown.edu/a-z
unit_site_14606,Center for Vision Research,cvr@brown.edu,401-863-1329,,,https://www.brown.edu/a-z/center-vision-research,https://www.brown.edu/a-z
unit_site_14396,Center on the Biology of Aging,,401-863-2936,"70 Ship Street | Providence , RI 02903",https://www.google.com/maps/dir/?api=1&destination=70%20Ship%20Street%20Providence%20RI%2002903,https://www.brown.edu/a-z/center-biology-aging,https://www.brown.edu/a-z
unit_site_14611,Centers for Behavioral and Preventive Medicine,,401-444-3000,"Coro West | Providence , RI 02903 | 1 Hoppin Street, Suite 309",https://www.google.com/maps/dir/?api=1&destination=Coro%20West%20Providence%20%20RI%2002903,https://www.brown.edu/a-z/centers-behavioral-and-preventive-medicine,https://www.brown.edu/a-z
unit_site_15156,Office of the Chaplains and Religious Life,,401-863-2344,"Page-Robinson Hall, Room 410 | Providence , RI 02912 | 69 Brown Street",https://www.google.com/maps/dir/?api=1&destination=Page-Robinson%20Hall%2C%20Room%20410%20Providence%20RI%2002912,https://www.brown.edu/a-z/office-chaplains-and-religious-life,https://www.brown.edu/a-z
unit_site_14716,Department of Chemistry,chemistry@brown.edu,401-863-2321,"324 Brook Street | Providence , RI 02912",https://www.google.com/maps/dir/?api=1&destination=324%20Brook%20Street%20Providence%20RI%2002912,https://www.brown.edu/a-z/department-chemistry,https://www.brown.edu/a-z
unit_site_31436,China Initiative,lyle_goldstein@brown.edu,401-441-0093,"111 Thayer Street | Providence , RI 02912",https://www.google.com/maps/dir/?api=1&destination=111%20Thayer%20Street%20Providence%20RI%2002912,https://www.brown.edu/a-z/china-initiative,https://www.brown.edu/a-z
unit_site_14721,Department of Classics,classics_department@brown.edu,401-863-1267,"48 College Street | Providence , RI 02912",https://www.google.com/maps/dir/?api=1&destination=48%20College%20Street%20Providence%20RI%2002912,https://www.brown.edu/a-z/department-classics,https://www.brown.edu/a-z
unit_site_31258,Climate Solutions Lab,climate-solutions@brown.edu,(401) 863-1302,,,https://www.brown.edu/a-z/climate-solutions-lab,https://www.brown.edu/a-z
unit_site_14621,COBRE Center for Computational Biology of Human Disease,cbhd@brown.edu,401-863-6275,"80 Waterman Street | Providence , RI 02912",https://www.google.com/maps/dir/?api=1&destination=80%20Waterman%20Street%20Providence%20RI%2002912,https://www.brown.edu/a-z/cobre-center-computational-biology-human-disease,https://www.brown.edu/a-z
unit_site_14726,Department of Cognitive and Psychological Sciences,CLPS@brown.edu,401-863-2727,"Metcalf Research Building | Providence , RI 02912 | 190 Thayer Street",https://www.google.com/maps/dir/?api=1&destination=Metcalf%20Research%20Building%20Providence%20RI%2002912,https://www.brown.edu/a-z/department-cognitive-and-psychological-sciences,https://www.brown.edu/a-z
unit_site_21636,Cognos Analytics,,,,,https://www.brown.edu/a-z/cognos-analytics,https://www.brown.edu/a-z
unit_site_14626,Cogut Institute for the Humanities,humanities-institute@brown.edu,401-863-6070,"Pembroke Hall | Providence , RI 02912 | 172 Meeting Street",https://www.google.com/maps/dir/?api=1&destination=Pembroke%20Hall%20Providence%20RI%2002912,https://www.brown.edu/a-z/cogut-institute-humanities,https://www.brown.edu/a-z
unit_site_14631,Commencement,,Box 1941,,,https://www.brown.edu/a-z/commencement,https://www.brown.edu/a-z
unit_site_30539,Community Engagement,,,,,https://www.brown.edu/a-z/community-engagement,https://www.brown.edu/a-z
unit_site_14731,Department of Comparative Literature,comp_lit@brown.edu,401-863-2818,"Marston Hall, Manning Walk | Providence , RI 02912 | 346 Brook Street",https://www.google.com/maps/dir/?api=1&destination=Marston%20Hall%2C%20Manning%20Walk%20Providence%20RI%2002912,https://www.brown.edu/a-z/department-comparative-literature,https://www.brown.edu/a-z
unit_site_23356,Compliance,,,,,https://www.brown.edu/a-z/compliance,https://www.brown.edu/a-z
unit_site_20671,Center for Computation & Visualization,support@ccv.brown.edu,,"180 George Street | Providence , RI 02912",https://www.google.com/maps/dir/?api=1&destination=180%20George%20Street%20Providence%20RI%2002912,https://www.brown.edu/a-z/center-computation-visualization,https://www.brown.edu/a-z
unit_site_14541,Center for Computational Molecular Biology,ccmb@brown.edu,401-863-3178,"164 Angell Street | Providence , RI 02912",https://www.google.com/maps/dir/?api=1&destination=164%20Angell%20Street%20Providence%20RI%2002912,https://www.brown.edu/a-z/center-computational-molecular-biology,https://www.brown.edu/a-z
unit_site_14736,Department of Computer Science,dept@cs.brown.edu,401-863-7600,"115 Waterman Street | Providence , RI 02912 | 4th Floor",https://www.google.com/maps/dir/?api=1&destination=115%20Waterman%20Street%20Providence%20RI%2002912,https://www.brown.edu/a-z/department-computer-science,https://www.brown.edu/a-z
unit_site_15471,Undergraduate Programs,,401-863-9800,,,https://www.brown.edu/a-z/undergraduate-programs,https://www.brown.edu/a-z
unit_site_14641,Division of Research,,,"Office of the Vice President for Research | Providence , RI 02903 | 350 Eddy Street",https://www.google.com/maps/dir/?api=1&destination=Office%20of%20the%20Vice%20President%20for%20Research%20Providence%20RI%2002903,https://www.brown.edu/a-z/division-research,https://www.brown.edu/a-z
unit_site_14646,Contemplative Studies Initiative,Contemplative_Studies@brown.edu,401-863-1798,"59 George Street | Providence , RI 02912",https://www.google.com/maps/dir/?api=1&destination=59%20George%20Street%20Providence%20RI%2002912,https://www.brown.edu/a-z/contemplative-studies-initiative,https://www.brown.edu/a-z
unit_site_21021,Office of the Controller,,,,,https://www.brown.edu/a-z/office-controller,https://www.brown.edu/a-z
unit_site_14651,Convocation,universityevents@brown.edu,401-863-3100,"Office of University Event & Conference Services | Providence , RI 02912 | 295 Lloyd Avenue",https://www.google.com/maps/dir/?api=1&destination=Office%20of%20University%20Event%20%26%20Conference%20Services%20Providence%20RI%2002912,https://www.brown.edu/a-z/convocation,https://www.brown.edu/a-z
unit_site_14451,Brown University Copyright and Fair Use,Fairuse@brown.edu,401-863-5083,,,https://www.brown.edu/a-z/brown-university-copyright-and-fair-use,https://www.brown.edu/a-z
unit_site_15341,The Corporation of Brown University,corporation@brown.edu,401-863-2409,,,https://www.brown.edu/a-z/corporation-brown-university,https://www.brown.edu/a-z
unit_site_31752,Costs of War,costsofwar@brown.edu,,,,https://www.brown.edu/a-z/costs-war,https://www.brown.edu/a-z
unit_site_14656,Counseling and Psychological Services (CAPS),counseling@health.brown.edu,4018633476,"Page-Robinson Hall, Room 512 | Providence , RI 02912 | 69 Brown Street",https://www.google.com/maps/dir/?api=1&destination=Page-Robinson%20Hall%2C%20Room%20512%20Providence%20RI%2002912,https://www.brown.edu/a-z/counseling-and-psychological-services-caps,https://www.brown.edu/a-z
unit_site_16216,Courses@Brown,,,,,https://www.brown.edu/a-z/coursesbrown,https://www.brown.edu/a-z
unit_site_30718,Curricular Resource Center,crc@brown.edu,401-863-3013,"167 Angell Street (Hemisphere Building), Ground Level | Providence , RI 02906",https://www.google.com/maps/dir/?api=1&destination=167%20Angell%20Street%20%28Hemisphere%20Building%29%2C%20Ground%20Level%20Providence%20RI%2002906,https://www.brown.edu/a-z/curricular-resource-center,https://www.brown.edu/a-z
unit_site_14661,Data Governance,oir@brown.edu,401-863-1914,,,https://www.brown.edu/a-z/data-governance,https://www.brown.edu/a-z
unit_site_14666,Data Science Institute,dsi-info@brown.edu,401-863-6956,"164 Angell Street | Providence , RI 02912 | 3rd Floor",https://www.google.com/maps/dir/?api=1&destination=164%20Angell%20Street%20Providence%20RI%2002912,https://www.brown.edu/a-z/data-science-institute,https://www.brown.edu/a-z
unit_site_14676,Dean of Biology and Medicine,Dean_of_Biology_and_Medicine@Brown.edu,401-863-3330,"91 Waterman Street | Providence , RI 02912",https://www.google.com/maps/dir/?api=1&destination=91%20Waterman%20Street%20Providence%20RI%2002912,https://www.brown.edu/a-z/dean-biology-and-medicine,https://www.brown.edu/a-z
unit_site_14681,Dean of the College,,401-863-9800,"1 Prospect Street | Providence , RI 02912",https://www.google.com/maps/dir/?api=1&destination=1%20Prospect%20Street%20Providence%20RI%2002912,https://www.brown.edu/a-z/dean-college,https://www.brown.edu/a-z
unit_site_14686,Dean of the Faculty,dean_of_faculty@brown.edu,401-863-2313,,,https://www.brown.edu/a-z/dean-faculty,https://www.brown.edu/a-z
unit_site_31620,Department of Medicine,,,"Warren Alpert Medical School | Providence , RI 02912 | 222 Richmond Street",https://www.google.com/maps/dir/?api=1&destination=Warren%20Alpert%20Medical%20School%20Providence%20RI%2002912,https://www.brown.edu/a-z/department-medicine,https://www.brown.edu/a-z
unit_site_15406,Digital Accessibility,,,,,https://www.brown.edu/a-z/digital-accessibility,https://www.brown.edu/a-z
unit_site_23401,Digital Learning & Design,,,,,https://www.brown.edu/a-z/digital-learning-design,https://www.brown.edu/a-z
unit_site_20446,Brown Dining Services,,,,,https://www.brown.edu/a-z/brown-dining-services,https://www.brown.edu/a-z
unit_site_31339,Discovery Through Dialogue,,,,,https://www.brown.edu/a-z/discovery-through-dialogue,https://www.brown.edu/a-z
unit_site_15126,Office of Diversity and Inclusion,Institutional_Diversity@brown.edu,401-863-2216,"Horace Mann | Providence , RI 02912 | 3rd Floor",https://www.google.com/maps/dir/?api=1&destination=Horace%20Mann%20Providence%20RI%2002912,https://www.brown.edu/a-z/office-diversity-and-inclusion,https://www.brown.edu/a-z
unit_site_15211,Program in Early Cultures,early_cultures@brown.edu,401-863-5246,"67 George Street | Providence , RI 02912",https://www.google.com/maps/dir/?api=1&destination=67%20George%20Street%20Providence%20RI%2002912,https://www.brown.edu/a-z/program-early-cultures,https://www.brown.edu/a-z
unit_site_31658,Center for the Study of the Early Modern World,,,,,https://www.brown.edu/a-z/center-study-early-modern-world,https://www.brown.edu/a-z
unit_site_14741,"Department of Earth, Environmental and Planetary Sciences",DEEPS@brown.edu,401-863-3339,"324 Brook Street | Providence , RI 02912",https://www.google.com/maps/dir/?api=1&destination=324%20Brook%20Street%20Providence%20RI%2002912,https://www.brown.edu/a-z/department-earth-environmental-and-planetary-sciences,https://www.brown.edu/a-z
unit_site_14746,Department of East Asian Studies,EAS@brown.edu,401-863-2778,"54 College Street | Providence , RI 02912",https://www.google.com/maps/dir/?api=1&destination=54%20College%20Street%20Providence%20RI%2002912,https://www.brown.edu/a-z/department-east-asian-studies,https://www.brown.edu/a-z
unit_site_14751,"Department of Ecology, Evolution & Organismal Biology",,401-863-2100,"80 Waterman Street | Providence , RI 02912",https://www.google.com/maps/dir/?api=1&destination=80%20Waterman%20Street%20Providence%20RI%2002912,https://www.brown.edu/a-z/department-ecology-evolution-organismal-biology,https://www.brown.edu/a-z
unit_site_6501,Department of Economics,,,"Robinson Hall | Providence , RI 02912 | 64 Waterman Street",https://www.google.com/maps/dir/?api=1&destination=Robinson%20Hall%20Providence%20RI%2002912,https://www.brown.edu/a-z/department-economics,https://www.brown.edu/a-z
unit_site_14756,Department of Education,education@brown.edu,401-863-2407,"Barus Building | Providence , RI 02912 | 164 Angell Street, 2nd Floor",https://www.google.com/maps/dir/?api=1&destination=Barus%20Building%20Providence%20RI%2002912,https://www.brown.edu/a-z/department-education,https://www.brown.edu/a-z
unit_site_14761,Department of Egyptology and Assyriology,egyptology@brown.edu,401-863-3132,"2 Prospect Street | Providence , RI 02912",https://www.google.com/maps/dir/?api=1&destination=2%20Prospect%20Street%20Providence%20RI%2002912,https://www.brown.edu/a-z/department-egyptology-and-assyriology,https://www.brown.edu/a-z
unit_site_20471,Brown Email,,,,,https://www.brown.edu/a-z/brown-email,https://www.brown.edu/a-z
unit_site_15266,School of Engineering,brownengin@gmail.com,401-863-2677,"184 Hope Street | Providence , RI 02912",https://www.google.com/maps/dir/?api=1&destination=184%20Hope%20Street%20Providence%20RI%2002912,https://www.brown.edu/a-z/school-engineering,https://www.brown.edu/a-z
unit_site_14766,Department of English,,401-863-2393,"70 Brown Street | Providence , RI 02912",https://www.google.com/maps/dir/?api=1&destination=70%20Brown%20Street%20Providence%20RI%2002912,https://www.brown.edu/a-z/department-english,https://www.brown.edu/a-z
unit_site_14906,Environmental Health and Safety,,401-863-3353,"350 Eddy Street | Providence , RI 02903",https://www.google.com/maps/dir/?api=1&destination=350%20Eddy%20Street%20Providence%20RI%2002903,https://www.brown.edu/a-z/environmental-health-and-safety,https://www.brown.edu/a-z
unit_site_6621,Department of Epidemiology,Epidemiology@brown.edu,401-863-6459,"121 South Main Street | Providence , RI 02912",https://www.google.com/maps/dir/?api=1&destination=121%20South%20Main%20Street%20Providence%20RI%2002912,https://www.brown.edu/a-z/department-epidemiology,https://www.brown.edu/a-z
unit_site_31060,Equitable Climate Futures,,,,,https://www.brown.edu/a-z/equitable-climate-futures,https://www.brown.edu/a-z
unit_site_15386,Event Strategy and Management,,401-863-3100,"295 Lloyd Avenue | Providence , RI 02912",https://www.google.com/maps/dir/?api=1&destination=295%20Lloyd%20Avenue%20Providence%20RI%2002912,https://www.brown.edu/a-z/event-strategy-and-management,https://www.brown.edu/a-z
unit_site_14911,Events@Brown,,,,,https://www.brown.edu/a-z/eventsbrown,https://www.brown.edu/a-z
unit_site_31870,Ever True Roadmap to Recovery,,,,,https://www.brown.edu/a-z/ever-true-roadmap-recovery,https://www.brown.edu/a-z
unit_site_14916,Executive Vice President for Finance and Administration,,401-863-9400,"108 University Hall | Providence , RI 02912",https://www.google.com/maps/dir/?api=1&destination=108%20University%20Hall%20Providence%20RI%2002912,https://www.brown.edu/a-z/executive-vice-president-finance-and-administration,https://www.brown.edu/a-z
unit_site_14926,Facilities Management,,401-863-7850,"295 Lloyd Avenue | Providence , RI 02912",https://www.google.com/maps/dir/?api=1&destination=295%20Lloyd%20Avenue%20Providence%20RI%2002912,https://www.brown.edu/a-z/facilities-management,https://www.brown.edu/a-z
unit_site_14931,Faculty Club,Faculty_Club@brown.edu,401-863-3023,"1 Bannister Street | Providence , RI 02912",https://www.google.com/maps/dir/?api=1&destination=1%20Bannister%20Street%20Providence%20RI%2002912,https://www.brown.edu/a-z/faculty-club,https://www.brown.edu/a-z
unit_site_14936,Faculty Governance,,401-863-9440,,,https://www.brown.edu/a-z/faculty-governance,https://www.brown.edu/a-z
unit_site_14941,Family Weekend,universityevents@brown.edu,401-863-3100,"Office of University Event & Conference Services | Providence , RI 02912 | 295 Lloyd Avenue",https://www.google.com/maps/dir/?api=1&destination=Office%20of%20University%20Event%20%26%20Conference%20Services%20Providence%20RI%2002912,https://www.brown.edu/a-z/family-weekend,https://www.brown.edu/a-z
unit_site_14946,National and International Fellowships at Brown,fellowships@brown.edu,,,,https://www.brown.edu/a-z/national-and-international-fellowships-brown,https://www.brown.edu/a-z
unit_site_30556,Fifth-Year Master’s Programs,,,,,https://www.brown.edu/a-z/fifth-year-masters-programs,https://www.brown.edu/a-z
unit_site_14951,Finance and Administrative Services,,,"South Street Landing | Providence , RI 02903 | 350 Eddy Street, 4th Floor",https://www.google.com/maps/dir/?api=1&destination=South%20Street%20Landing%20Providence%20RI%2002903,https://www.brown.edu/a-z/finance-and-administrative-services,https://www.brown.edu/a-z
unit_site_15451,Financial Aid - Undergraduate,financial_aid@brown.edu,401-863-2721,"Page-Robinson Hall | Providence , RI 02912 | 69 Brown Street",https://www.google.com/maps/dir/?api=1&destination=Page-Robinson%20Hall%20Providence%20RI%2002912,https://www.brown.edu/a-z/financial-aid-undergraduate,https://www.brown.edu/a-z
unit_site_14511,Financial Services Operations,Cashier@brown.edu,401-863-1280,"69 Brown Street | Providence , RI 02912 | 2nd Floor",https://www.google.com/maps/dir/?api=1&destination=69%20Brown%20Street%20Providence%20RI%2002912,https://www.brown.edu/a-z/financial-services-operations,https://www.brown.edu/a-z
unit_site_14471,Financial Strategy and Planning,Budget_Office@brown.edu,401-863-2786,"South Street Landing | Providence , RI 02903 | 350 Eddy Street, 4th Floor",https://www.google.com/maps/dir/?api=1&destination=South%20Street%20Landing%20Providence%20%20RI%2002903,https://www.brown.edu/a-z/financial-strategy-and-planning,https://www.brown.edu/a-z
unit_site_14961,Fluids at Brown,,401-863-1414,"179 Hope Street | Providence , RI 02912",https://www.google.com/maps/dir/?api=1&destination=179%20Hope%20Street%20Providence%20RI%2002912,https://www.brown.edu/a-z/fluids-brown,https://www.brown.edu/a-z
unit_site_20626,Office of Foundation Relations,FoundationRelations@brown.edu,,,,https://www.brown.edu/a-z/office-foundation-relations,https://www.brown.edu/a-z
unit_site_14771,Department of French and Francophone Studies,French_Studies@brown.edu,401-863-2567,"84 Prospect Street | Providence , RI 02912",https://www.google.com/maps/dir/?api=1&destination=84%20Prospect%20Street%20Providence%20RI%2002912,https://www.brown.edu/a-z/department-french-and-francophone-studies,https://www.brown.edu/a-z
unit_site_14776,Department of German Studies,German_Studies@brown.edu,401-863-2596,,,https://www.brown.edu/a-z/department-german-studies,https://www.brown.edu/a-z
unit_site_31621,Global Alliance for Infant and Maternal Health,,,"Warren Alpert Medical School | Providence , RI 02912 | 222 Richmond Street",https://www.google.com/maps/dir/?api=1&destination=Warren%20Alpert%20Medical%20School%20Providence%20RI%2002912,https://www.brown.edu/a-z/global-alliance-infant-and-maternal-health,https://www.brown.edu/a-z
unit_site_14966,Global Brown Center for International Students,gbc@brown.edu,401-863-6397,"Page Robinson Hall, Room 312 | Providence , RI 02912 | 69 Brown Street",https://www.google.com/maps/dir/?api=1&destination=Page%20Robinson%20Hall%2C%20Room%20312%20Providence%20RI%2002912,https://www.brown.edu/a-z/global-brown-center-international-students,https://www.brown.edu/a-z
unit_site_21336,Office of Global Engagement,GlobalEngagement@brown.edu,401-863-9720,"University Hall | Providence , RI 02912 | 1 Prospect Street, 3rd floor",https://www.google.com/maps/dir/?api=1&destination=University%20Hall%20Providence%20RI%2002912,https://www.brown.edu/a-z/office-global-engagement,https://www.brown.edu/a-z
unit_site_15121,Office of Government Relations,grca@brown.edu,401-863-3717,,,https://www.brown.edu/a-z/office-government-relations,https://www.brown.edu/a-z
unit_site_14981,Graduate School,graduate_school@brown.edu,401-863-2600,"47 George Street | Providence , RI 02912",https://www.google.com/maps/dir/?api=1&destination=47%20George%20Street%20Providence%20RI%2002912,https://www.brown.edu/a-z/graduate-school,https://www.brown.edu/a-z
unit_site_28026,Graduate Student Funding and Support,financial_aid@brown.edu,401-863-2721,"Page-Robinson Hall | Providence , RI 02912 | 69 Brown Street",https://www.google.com/maps/dir/?api=1&destination=Page-Robinson%20Hall%20Providence%20RI%2002912,https://www.brown.edu/a-z/graduate-student-funding-and-support,https://www.brown.edu/a-z
unit_site_14986,Haffenreffer Museum of Anthropology,HaffenrefferMuseum@brown.edu,401-863-5700,"Manning Hall, First Floor | Providence , RI 02912 | 21 Prospect Street",https://www.google.com/maps/dir/?api=1&destination=Manning%20Hall%2C%20First%20Floor%20Providence%20RI%2002912,https://www.brown.edu/a-z/haffenreffer-museum-anthropology,https://www.brown.edu/a-z
unit_site_14991,Hassenfeld Child Health Innovation Institute,hassenfieldinstitute@brown.edu,401-863-3855,,,https://www.brown.edu/a-z/hassenfeld-child-health-innovation-institute,https://www.brown.edu/a-z
unit_site_26151,Health & Wellness,,,,,https://www.brown.edu/a-z/health-wellness,https://www.brown.edu/a-z
unit_site_14996,Health Services,,401-863-3953,"450 Brook St. | Providence , RI 02906",https://www.google.com/maps/dir/?api=1&destination=450%20Brook%20St.%20Providence%20RI%2002906,https://www.brown.edu/a-z/health-services,https://www.brown.edu/a-z
unit_site_15001,Health Services EMS,,401-863-1330,,,https://www.brown.edu/a-z/health-services-ems,https://www.brown.edu/a-z
unit_site_14781,"Department of Health Services, Policy & Practice",HSPP@brown.edu,401-863-3172,"121 South Main Street | Providence , RI 02912",https://www.google.com/maps/dir/?api=1&destination=121%20South%20Main%20Street%20Providence%20RI%2002912,https://www.brown.edu/a-z/department-health-services-policy-practice,https://www.brown.edu/a-z
unit_site_15006,Helping a Student in Distress,campus_life@brown.edu,401-863-1800,"Division of Campus Life | Providence , RI 02912",https://www.google.com/maps/dir/?api=1&destination=Division%20of%20Campus%20Life%20Providence%20RI%2002912,https://www.brown.edu/a-z/helping-student-distress,https://www.brown.edu/a-z
unit_site_14786,Department of Hispanic Studies,Hispanic_Studies@brown.edu,401-863-1382,"84 Prospect Street | Providence , RI 02912",https://www.google.com/maps/dir/?api=1&destination=84%20Prospect%20Street%20Providence%20RI%2002912,https://www.brown.edu/a-z/department-hispanic-studies,https://www.brown.edu/a-z
unit_site_14796,Department of History of Art and Architecture,,401-863-1174,"64 College Street | Providence , RI 02912",https://www.google.com/maps/dir/?api=1&destination=64%20College%20Street%20Providence%20RI%2002912,https://www.brown.edu/a-z/department-history-art-and-architecture,https://www.brown.edu/a-z
unit_site_14791,Department of History,history@brown.edu,401-863-2131,"79 Brown Street | Providence , RI 02912",https://www.google.com/maps/dir/?api=1&destination=79%20Brown%20Street%20Providence%20RI%2002912,https://www.brown.edu/a-z/department-history,https://www.brown.edu/a-z
unit_site_15011,Howard Foundation,Howard_Foundation@brown.edu,401-863-2429,,,https://www.brown.edu/a-z/howard-foundation,https://www.brown.edu/a-z
unit_site_15391,University Human Resources,universityhr@brown.edu,401-863-3175,"350 Eddy Street | Providence , RI 02903",https://www.google.com/maps/dir/?api=1&destination=350%20Eddy%20Street%20Providence%20RI%2002903,https://www.brown.edu/a-z/university-human-resources,https://www.brown.edu/a-z
unit_site_31309,Center for Human Rights and Humanitarian Studies,,,,,https://www.brown.edu/a-z/center-human-rights-and-humanitarian-studies,https://www.brown.edu/a-z
unit_site_30236,Initiative for Sustainable Energy,,,,,https://www.brown.edu/a-z/initiative-sustainable-energy,https://www.brown.edu/a-z
unit_site_15016,Institute at Brown for Environment and Society,environment@brown.edu,401-863-3449,"85 Waterman Street | Providence , RI 02912",https://www.google.com/maps/dir/?api=1&destination=85%20Waterman%20Street%20Providence%20RI%2002912,https://www.brown.edu/a-z/institute-brown-environment-and-society,https://www.brown.edu/a-z
unit_site_15026,Instrumentation for Molecular and Nanoscale Innovation,imni@brown.edu,401-863-6700,,,https://www.brown.edu/a-z/instrumentation-molecular-and-nanoscale-innovation,https://www.brown.edu/a-z
unit_site_15131,Office of Institutional Research,,401-863-1914,,,https://www.brown.edu/a-z/office-institutional-research,https://www.brown.edu/a-z
unit_site_15031,Insurance Office,InsuranceOffice@brown.edu,401-863-9481,"South Street Landing | Providence , RI 02903 | 350 Eddy Street, 4th Floor",https://www.google.com/maps/dir/?api=1&destination=South%20Street%20Landing%20Providence%20RI%2002903,https://www.brown.edu/a-z/insurance-office,https://www.brown.edu/a-z
unit_site_15136,Office of Internal Audit Services,,401-863-3612,"350 Eddy Street | Providence , RI 02903",https://www.google.com/maps/dir/?api=1&destination=350%20Eddy%20Street%20Providence%20RI%2002903,https://www.brown.edu/a-z/office-internal-audit-services,https://www.brown.edu/a-z
unit_site_31662,Internal Consulting Group,,,,,https://www.brown.edu/a-z/internal-consulting-group,https://www.brown.edu/a-z
unit_site_16641,International Student and Scholar Services,isss@brown.edu,401-863-2427,"Page-Robinson Hall, 3rd Floor | Providence , RI 02912 | 69 Brown Street, Box 1906",https://www.google.com/maps/dir/?api=1&destination=Page-Robinson%20Hall%2C%203rd%20Floor%20Providence%20RI%2002912,https://www.brown.edu/a-z/international-student-and-scholar-services,https://www.brown.edu/a-z
unit_site_15041,Investment Office,,401-867-3998,,,https://www.brown.edu/a-z/investment-office,https://www.brown.edu/a-z
unit_site_14801,Department of Italian Studies,Italian_Studies@brown.edu,401-863-1561,"190 Hope Street | Providence , RI 02912",https://www.google.com/maps/dir/?api=1&destination=190%20Hope%20Street%20Providence%20RI%2002912,https://www.brown.edu/a-z/department-italian-studies,https://www.brown.edu/a-z
unit_site_15046,John Nicholas Brown Center for Advanced Study,,401-863-1177,"Nightingale-Brown House | Providence , RI 02912 | 357 Benefit Street",https://www.google.com/maps/dir/?api=1&destination=Nightingale-Brown%20House%20Providence%20RI%2002912,https://www.brown.edu/a-z/john-nicholas-brown-center-advanced-study,https://www.brown.edu/a-z
unit_site_15051,Joukowsky Institute for Archaeology and the Ancient World,joukowsky_institute@brown.edu,401-863-3188,"Rhode Island Hall | Providence , RI 02912 | 60 George Street",https://www.google.com/maps/dir/?api=1&destination=Rhode%20Island%20Hall%20Providence%20RI%2002912,https://www.brown.edu/a-z/joukowsky-institute-archaeology-and-ancient-world,https://www.brown.edu/a-z
unit_site_16536,Program in Judaic Studies,Judaic@brown.edu,401-863-3912,"163 George Street | Providence , RI 02912 | Hirschfeld House",https://www.google.com/maps/dir/?api=1&destination=163%20George%20Street%20Providence%20RI%2002912,https://www.brown.edu/a-z/program-judaic-studies,https://www.brown.edu/a-z
unit_site_29686,Land Acknowledgment,,,,,https://www.brown.edu/a-z/land-acknowledgment,https://www.brown.edu/a-z
unit_site_14571,Center for Latin American Studies,clacs@brown.edu,401-863-2645,"Watson Institute for International and Public Affairs | Providence , RI 02912 | 111 Thayer Street",https://www.google.com/maps/dir/?api=1&destination=Watson%20Institute%20for%20International%20and%20Public%20Affairs%20Providence%20RI%2002912,https://www.brown.edu/a-z/center-latin-american-studies,https://www.brown.edu/a-z
unit_site_15056,LGBTQ Center,lgbtq@brown.edu,401-863-3062,"Stephen Robert '62 Campus Center, Room 321 | Providence , RI 02912 | 75 Waterman Street",https://www.google.com/maps/dir/?api=1&destination=Stephen%20Robert%20%2762%20Campus%20Center%2C%20Room%20321%20Providence%20RI%2002912,https://www.brown.edu/a-z/lgbtq-center,https://www.brown.edu/a-z
unit_site_14456,Brown University Library,library@brown.edu,401-863-2165,"10 Prospect Street | Providence , RI 02912",https://www.google.com/maps/dir/?api=1&destination=10%20Prospect%20Street%20Providence%20RI%2002912,https://www.brown.edu/a-z/brown-university-library,https://www.brown.edu/a-z
unit_site_30457,Program in Linguistics,,,,,https://www.brown.edu/a-z/program-linguistics,https://www.brown.edu/a-z
unit_site_15061,Department of Literary Arts,writing@brown.edu,401-863-3260,"68.5 Brown Street | Providence , RI 02912",https://www.google.com/maps/dir/?api=1&destination=68.5%20Brown%20Street%20Providence%20RI%2002912,https://www.brown.edu/a-z/department-literary-arts,https://www.brown.edu/a-z
unit_site_15066,Liver Research Center,,401-444-7441,"55 Claverick Street | Providence , RI 02903 | 4th Floor",https://www.google.com/maps/dir/?api=1&destination=55%20Claverick%20Street%20Providence%20RI%2002903,https://www.brown.edu/a-z/liver-research-center,https://www.brown.edu/a-z
unit_site_15076,Mail Services,Mail_Services@brown.edu,401-863-2900,"69 Brown Street | Providence , RI 02912",https://www.google.com/maps/dir/?api=1&destination=69%20Brown%20Street%20Providence%20RI%2002912,https://www.brown.edu/a-z/mail-services,https://www.brown.edu/a-z
unit_site_31056,Master's Programs,,,,,https://www.brown.edu/a-z/masters-programs,https://www.brown.edu/a-z
unit_site_14806,Department of Mathematics,info@math.brown.edu,401-863-2708,"151 Thayer Street | Providence , RI 02912",https://www.google.com/maps/dir/?api=1&destination=151%20Thayer%20Street%20Providence%20RI%2002912,https://www.brown.edu/a-z/department-mathematics,https://www.brown.edu/a-z
unit_site_15141,Office of Medical Education,,,"Warren Alpert Medical School | Providence , RI 02912 | 222 Richmond Street",https://www.google.com/maps/dir/?api=1&destination=Warren%20Alpert%20Medical%20School%20Providence%20RI%2002912,https://www.brown.edu/a-z/office-medical-education,https://www.brown.edu/a-z
unit_site_15081,Medical School Admissions,medschool_admissions@brown.edu,401-863-2149,,,https://www.brown.edu/a-z/medical-school-admissions,https://www.brown.edu/a-z
unit_site_15086,Medical School Financial Aid,MD_Finaid@brown.edu,401-863-1142,"The Warren Alpert Medical School of Brown University | p' , RI 02912 | 222 Richmond Street",https://www.google.com/maps/dir/?api=1&destination=The%20Warren%20Alpert%20Medical%20School%C2%A0of%20Brown%20University%20p%27%20RI%2002912,https://www.brown.edu/a-z/medical-school-financial-aid,https://www.brown.edu/a-z
unit_site_16091,Medicine@Brown,,,,,https://www.brown.edu/a-z/medicinebrown,https://www.brown.edu/a-z
unit_site_31660,Program in Medieval Studies,,,,,https://www.brown.edu/a-z/program-medieval-studies,https://www.brown.edu/a-z
unit_site_21326,Middle East Studies,cmes@brown.edu,401-863-6924,"111 Thayer Street | Providence , RI 02912",https://www.google.com/maps/dir/?api=1&destination=111%20Thayer%20Street%20Providence%20RI%2002912,https://www.brown.edu/a-z/middle-east-studies,https://www.brown.edu/a-z
unit_site_25766,Midyear Completion,,,,,https://www.brown.edu/a-z/midyear-completion,https://www.brown.edu/a-z
unit_site_15146,Office of Military-Affiliated Students,military@brown.edu,401-863-7682,"Stephen Robert '62 Campus Center (Faunce House) | Providence , RI 02912 | 75 Waterman St",https://www.google.com/maps/dir/?api=1&destination=Stephen%20Robert%20%2762%20Campus%20Center%20%28Faunce%20House%29%20Providence%20RI%2002912,https://www.brown.edu/a-z/office-military-affiliated-students,https://www.brown.edu/a-z
unit_site_15091,Mindfulness Center,mindfulnesscenter@brown.edu,,,,https://www.brown.edu/a-z/mindfulness-center,https://www.brown.edu/a-z
unit_site_31070,Minors Protection,,,,,https://www.brown.edu/a-z/minors-protection,https://www.brown.edu/a-z
unit_site_14811,Department of Modern Culture and Media,mcm@brown.edu,401-863-2853,"155 George Street | Providence , RI 02912",https://www.google.com/maps/dir/?api=1&destination=155%20George%20Street%20Providence%20RI%2002912,https://www.brown.edu/a-z/department-modern-culture-and-media,https://www.brown.edu/a-z
unit_site_14816,"Department of Molecular Biology, Cell Biology, and Biochemistry",,401-863-2566,"Sidney Frank Hall of Life Science | Providence , RI 02912 | 185 Meeting Street",https://www.google.com/maps/dir/?api=1&destination=Sidney%20Frank%20Hall%20of%20Life%20Science%20Providence%20RI%2002912,https://www.brown.edu/a-z/department-molecular-biology-cell-biology-and-biochemistry,https://www.brown.edu/a-z
unit_site_14821,Department of Molecular Microbiology and Immunology,,401-863-3121,"171 Meeting Street | Providence , RI 02912",https://www.google.com/maps/dir/?api=1&destination=171%20Meeting%20Street%20Providence%20RI%2002912,https://www.brown.edu/a-z/department-molecular-microbiology-and-immunology,https://www.brown.edu/a-z
unit_site_14826,Department of Music,music@brown.edu,401-863-3234,"Orwig Music Building | Providence , RI 02912 | 1 Young Orchard Avenue",https://www.google.com/maps/dir/?api=1&destination=Orwig%20Music%20Building%20Providence%20RI%2002912,https://www.brown.edu/a-z/department-music,https://www.brown.edu/a-z
unit_site_28036,myBrown,,,,,https://www.brown.edu/a-z/mybrown,https://www.brown.edu/a-z
unit_site_15096,Native American and Indigenous Studies,NAISAB@brown.edu,401-863-3693,"69 Brown Street | Providence , RI 02912",https://www.google.com/maps/dir/?api=1&destination=69%20Brown%20Street%20Providence%20RI%2002912,https://www.brown.edu/a-z/native-american-and-indigenous-studies,https://www.brown.edu/a-z
unit_site_15101,NECHE Accreditation,accreditation@brown.edu,401-863-2706,,,https://www.brown.edu/a-z/neche-accreditation,https://www.brown.edu/a-z
unit_site_15456,Nelson Center for Entrepreneurship,entrepreneurship@brown.edu,,"Brown/RISD Hillel, 3rd Floor | Providence , RI 02912 | 80 Brown Street",https://www.google.com/maps/dir/?api=1&destination=Brown%2FRISD%20Hillel%2C%203rd%20Floor%20Providence%20RI%2002912,https://www.brown.edu/a-z/nelson-center-entrepreneurship,https://www.brown.edu/a-z
unit_site_31767,Department of Neurology,,,"Rhode Island Hospital | Providence , RI 02903 | Ambulatory Patient Center (APC) Bldg, 5th floor",https://www.google.com/maps/dir/?api=1&destination=Rhode%20Island%20Hospital%20Providence%20RI%2002903,https://www.brown.edu/a-z/department-neurology,https://www.brown.edu/a-z
unit_site_14831,Department of Neuroscience,,401-863-1054,"185 Meeting Street | Providence , RI 02912",https://www.google.com/maps/dir/?api=1&destination=185%20Meeting%20Street%20Providence%20RI%2002912,https://www.brown.edu/a-z/department-neuroscience,https://www.brown.edu/a-z
unit_site_15106,Norman Prince Neurosciences Institute,,401-444-4800,,,https://www.brown.edu/a-z/norman-prince-neurosciences-institute,https://www.brown.edu/a-z
unit_site_14636,Office of Information Technology,help@brown.edu,401-863-HELP,,,https://www.brown.edu/a-z/office-information-technology,https://www.brown.edu/a-z
unit_site_14461,Brown University Ombuds Office,ombuds@brown.edu,401-863-6145,"Hillel Building | Providence , RI 02912 | 80 Brown Street, 3rd Floor",https://www.google.com/maps/dir/?api=1&destination=Hillel%20Building%20Providence%20RI%2002912,https://www.brown.edu/a-z/brown-university-ombuds-office,https://www.brown.edu/a-z
unit_site_29366,Online Learning,,,,,https://www.brown.edu/a-z/online-learning,https://www.brown.edu/a-z
unit_site_30089,Pandemic Center,,,,,https://www.brown.edu/a-z/pandemic-center,https://www.brown.edu/a-z
unit_site_15181,Park at Brown,transportation@brown.edu,401-863-3157,"Page-Robinson Hall, Room 511 | Providence , RI 02912 | 69 Brown Street",https://www.google.com/maps/dir/?api=1&destination=Page-Robinson%20Hall%2C%20Room%20511%20Providence%20RI%2002912,https://www.brown.edu/a-z/park-brown,https://www.brown.edu/a-z
unit_site_16596,Department of Pathology and Laboratory Medicine,pathology@brown.edu,401-863-3119,"Laboratories for Molecular Medicine | Providence , RI 02912 | 70 Ship Street",https://www.google.com/maps/dir/?api=1&destination=Laboratories%20for%20Molecular%20Medicine%20Providence%20RI%2002912,https://www.brown.edu/a-z/department-pathology-and-laboratory-medicine,https://www.brown.edu/a-z
unit_site_15911,Pathways to Diversity and Inclusion,,,,,https://www.brown.edu/a-z/pathways-diversity-and-inclusion,https://www.brown.edu/a-z
unit_site_15186,Pembroke Center for Teaching and Research on Women,pembroke_center@brown.edu,401-863-2643,"172 Meeting Street | Providence , RI 02912",https://www.google.com/maps/dir/?api=1&destination=172%20Meeting%20Street%20Providence%20RI%2002912,https://www.brown.edu/a-z/pembroke-center-teaching-and-research-women,https://www.brown.edu/a-z
unit_site_24846,The Lindemann Performing Arts Center,,,,,https://www.brown.edu/a-z/lindemann-performing-arts-center,https://www.brown.edu/a-z
unit_site_14836,Department of Philosophy,philosophy_dept@brown.edu,401-863-6346,"45 Prospect Street | Providence , RI 02912",https://www.google.com/maps/dir/?api=1&destination=45%20Prospect%20Street%20Providence%20RI%2002912,https://www.brown.edu/a-z/department-philosophy,https://www.brown.edu/a-z
unit_site_15191,"Center for Philosophy, Politics, and Economics",ptp@brown.edu,401-863-1038,"25 George Street | Providence , RI 02912",https://www.google.com/maps/dir/?api=1&destination=25%20George%20Street%20Providence%20RI%2002912,https://www.brown.edu/a-z/center-philosophy-politics-and-economics,https://www.brown.edu/a-z
unit_site_14841,Department of Physics,physics@brown.edu,401-863-2641,"182 Hope Street | Providence , RI 02912",https://www.google.com/maps/dir/?api=1&destination=182%20Hope%20Street%20Providence%20RI%2002912,https://www.brown.edu/a-z/department-physics,https://www.brown.edu/a-z
unit_site_14846,Department of Political Science,,401-863-2825,"111 Thayer Street | Providence , RI 02912 | 3rd Floor",https://www.google.com/maps/dir/?api=1&destination=111%20Thayer%20Street%20%20Providence%20RI%2002912,https://www.brown.edu/a-z/department-political-science,https://www.brown.edu/a-z
unit_site_15196,Population Studies and Training Center,population_studies@brown.edu,401-863-2668,"68 Waterman Street | Providence , RI 02912",https://www.google.com/maps/dir/?api=1&destination=68%20Waterman%20Street%20Providence%20RI%2002912,https://www.brown.edu/a-z/population-studies-and-training-center,https://www.brown.edu/a-z
unit_site_14851,Department of Portuguese & Brazilian Studies,POBS@brown.edu,401-863-3042,"159 George Street | Providence , RI 02912",https://www.google.com/maps/dir/?api=1&destination=159%20George%20Street%20Providence%20RI%2002912,https://www.brown.edu/a-z/department-portuguese-brazilian-studies,https://www.brown.edu/a-z
unit_site_15201,Postdocs at Brown,,,,,https://www.brown.edu/a-z/postdocs-brown,https://www.brown.edu/a-z
unit_site_14426,Brown Pre-College,precollege@brown.edu,401-863-7900,"200 Dyer Street | Providence , RI 02912",https://www.google.com/maps/dir/?api=1&destination=200%20Dyer%20Street%20Providence%20RI%2002912,https://www.brown.edu/a-z/brown-pre-college,https://www.brown.edu/a-z
unit_site_25716,Division of Pre-College and Undergraduate Programs,,,,,https://www.brown.edu/experience,https://www.brown.edu/a-z
unit_site_15161,Office of the President,president@brown.edu,401-863-2234,"1 Prospect Street | Providence , RI 02912",https://www.google.com/maps/dir/?api=1&destination=1%20Prospect%20Street%20Providence%20RI%2002912,https://www.brown.edu/a-z/office-president,https://www.brown.edu/a-z
unit_site_15271,School of Professional Studies,,401-863-7901,"200 Dyer Street | Providence , RI 02912",https://www.google.com/maps/dir/?api=1&destination=200%20Dyer%20Street%20Providence%20RI%2002912,https://www.brown.edu/a-z/school-professional-studies,https://www.brown.edu/a-z
unit_site_15216,Program in Liberal Medical Education,PLME@brown.edu,401-863-9790,"91 Waterman Street | Providence , RI 02912",https://www.google.com/maps/dir/?api=1&destination=91%20Waterman%20Street%20Providence%20RI%2002912,https://www.brown.edu/a-z/program-liberal-medical-education,https://www.brown.edu/a-z
unit_site_15166,Office of the Provost,Provost@brown.edu,401-863-2706,,,https://www.brown.edu/a-z/office-provost,https://www.brown.edu/a-z
unit_site_15246,Rhode Island Public Health Institute,info@riphi.org,401-621-8200,"383 West Fountain Street | Providence , RI 02903",https://www.google.com/maps/dir/?api=1&destination=383%20West%20Fountain%20Street%20%20Providence%20RI%2002903,https://www.brown.edu/a-z/rhode-island-public-health-institute,https://www.brown.edu/a-z
unit_site_15226,School of Public Health,public_health@brown.edu,401-863-3375,"121 South Main Street | Providence , RI 02912",https://www.google.com/maps/dir/?api=1&destination=121%20South%20Main%20Street%20Providence%20RI%2002912,https://www.brown.edu/a-z/school-public-health,https://www.brown.edu/a-z
unit_site_14856,Public Safety and Emergency Management,campus_safety@brown.edu,401-863-4111,"75 Charlesfield Street | Providence , RI 02912",https://www.google.com/maps/dir/?api=1&destination=75%20Charlesfield%20Street%20Providence%20RI%2002912,https://www.brown.edu/a-z/public-safety-and-emergency-management,https://www.brown.edu/a-z
unit_site_31603,Department of Radiology,,,,,https://www.brown.edu/a-z/department-radiology,https://www.brown.edu/a-z
unit_site_15171,Office of the Registrar,Registrar@brown.edu,401-863-2500,"Page-Robinson Hall, 3rd Floor | Providence , RI 02912 | 69 Brown Street",https://www.google.com/maps/dir/?api=1&destination=Page-Robinson%20Hall%2C%203rd%20Floor%20Providence%20RI%2002912,https://www.brown.edu/a-z/office-registrar,https://www.brown.edu/a-z
unit_site_14861,Department of Religious Studies,Religious_Studies@brown.edu,401-863-3104,"The Shirley Miller House | Providence , RI 02912 | 59 George Street",https://www.google.com/maps/dir/?api=1&destination=The%20Shirley%20Miller%20House%20%20Providence%20RI%2002912,https://www.brown.edu/a-z/department-religious-studies,https://www.brown.edu/a-z
unit_site_30645,Report an Incident,,,,,https://www.brown.edu/incident-reporting,https://www.brown.edu/a-z
unit_site_28616,Report of the Brown University Steering Committee on Slavery and Justice,,,,,https://www.brown.edu/a-z/report-brown-university-steering-committee-slavery-and-justice,https://www.brown.edu/a-z
unit_site_15236,Residential Life,res_life@brown.edu,401-863-3500,"Graduate Center E | Providence , RI 02912 | 42 Charlesfield Street",https://www.google.com/maps/dir/?api=1&destination=Graduate%20Center%20E%20Providence%20RI%2002912,https://www.brown.edu/a-z/residential-life,https://www.brown.edu/a-z
unit_site_15241,Reunion Weekend,alumni@brown.edu,401-863-3307,"Alumni Relations | Providence , RI 02912 | 38 Brown Street",https://www.google.com/maps/dir/?api=1&destination=Alumni%20Relations%20Providence%20RI%2002912,https://www.brown.edu/a-z/reunion-weekend,https://www.brown.edu/a-z
unit_site_15251,Risk Management,,401-863-9167,,,https://www.brown.edu/a-z/risk-management,https://www.brown.edu/a-z
unit_site_15256,Safety at Brown,,401-863-3322,,,https://www.brown.edu/a-z/safety-brown,https://www.brown.edu/a-z
unit_site_15261,Sarah Doyle Center for Women and Gender,sdwc@brown.edu,401-863-2189,"Sarah Doyle Center for Women and Gender | Providence , RI 02912 | 26 Benevolent Street",https://www.google.com/maps/dir/?api=1&destination=Sarah%20Doyle%20Center%20for%20Women%20and%20Gender%20Providence%20RI%2002912,https://www.brown.edu/a-z/sarah-doyle-center-women-and-gender,https://www.brown.edu/a-z
unit_site_31559,Saxena Center for Contemporary South Asia,southasia@brown.edu,401-863-5059,"Stephen Robert '62 Hall | Providence , RI 02906 | 280 Brook Street",https://www.google.com/maps/dir/?api=1&destination=Stephen%20Robert%20%2762%20Hall%20Providence%20RI%2002906,https://www.brown.edu/a-z/saxena-center-contemporary-south-asia,https://www.brown.edu/a-z
unit_site_15221,"Program in Science, Technology, and Society",STS@Brown.edu,401-863-7034,"67 George Street | Providence , RI 02912",https://www.google.com/maps/dir/?api=1&destination=67%20George%20Street%20Providence%20RI%2002912,https://www.brown.edu/a-z/program-science-technology-and-society,https://www.brown.edu/a-z
unit_site_30515,Understanding the SCOTUS Decision on Race-Conscious Admissions,,,,,https://www.brown.edu/a-z/understanding-scotus-decision-race-conscious-admissions,https://www.brown.edu/a-z
unit_site_15281,Sheridan Center for Teaching and Learning,sheridan_center@brown.edu,401-863-1219,"Sciences Library, 7th Floor | Providence , RI 02912 | 201 Thayer Street",https://www.google.com/maps/dir/?api=1&destination=Sciences%20Library%2C%207th%20Floor%20Providence%20RI%2002912,https://www.brown.edu/a-z/sheridan-center-teaching-and-learning,https://www.brown.edu/a-z
unit_site_14866,Department of Slavic Studies,Slavic_Studies@brown.edu,401-863-2689,"20 Manning Walk | Providence , RI 02912",https://www.google.com/maps/dir/?api=1&destination=20%20Manning%20Walk%20Providence%20RI%2002912,https://www.brown.edu/a-z/department-slavic-studies,https://www.brown.edu/a-z
unit_site_15286,Sleep Research Lab,sleepforscience@gmail.com,401-421-9440,"300 Duncan Drive | Providence , RI 02906",https://www.google.com/maps/dir/?api=1&destination=300%20Duncan%20Drive%20Providence%20RI%2002906,https://www.brown.edu/a-z/sleep-research-lab,https://www.brown.edu/a-z
unit_site_14871,Department of Sociology,sociology@brown.edu,401-863-2367,"Maxcy Hall | Providence , RI 02912 | 108 George Street",https://www.google.com/maps/dir/?api=1&destination=Maxcy%20Hall%20Providence%20RI%2002912,https://www.brown.edu/a-z/department-sociology,https://www.brown.edu/a-z
unit_site_15461,South Street Landing,,,"350 Eddy Street | Providence , RI 02903",https://www.google.com/maps/dir/?api=1&destination=350%20Eddy%20Street%20Providence%20RI%2002903,https://www.brown.edu/a-z/south-street-landing,https://www.brown.edu/a-z
unit_site_15291,Staff Advisory Council,sac@brown.edu,,,,https://www.brown.edu/a-z/staff-advisory-council,https://www.brown.edu/a-z
unit_site_15296,Stephen Robert '62 Campus Center,,,"75 Waterman Street | Providence , RI 02912",https://www.google.com/maps/dir/?api=1&destination=75%20Waterman%20Street%20Providence%20RI%2002912,https://www.brown.edu/a-z/stephen-robert-62-campus-center,https://www.brown.edu/a-z
unit_site_15301,Stone Wealth and Income Inequality Project,,,"Department of Economics | Providence , RI 02912 | Robinson Hall, 64 Waterman Street",https://www.google.com/maps/dir/?api=1&destination=Department%20of%20Economics%20Providence%20RI%2002912,https://www.brown.edu/a-z/stone-wealth-and-income-inequality-project,https://www.brown.edu/a-z
unit_site_15231,Strategic Procurement and Contracts,Purchasing@brown.edu,401-863-2206,"South Street Landing | Providence , RI 02903 | 350 Eddy Street, 4th Floor",https://www.google.com/maps/dir/?api=1&destination=South%20Street%20Landing%20Providence%20RI%2002903,https://www.brown.edu/a-z/strategic-procurement-and-contracts,https://www.brown.edu/a-z
unit_site_15311,Student Accessibility Services,SAS@brown.edu,401-863-9588,"69 Brown Street | Providence , RI 02912 | Suite 512, 5th floor",https://www.google.com/maps/dir/?api=1&destination=69%20Brown%20Street%20Providence%20RI%2002912,https://www.brown.edu/a-z/student-accessibility-services,https://www.brown.edu/a-z
unit_site_15306,Student Activities Office,sao@brown.edu,401-863-1155,"Stephen Robert '62 Campus Center, Faunce House | Providence , RI 02912 | 75 Waterman Street",https://www.google.com/maps/dir/?api=1&destination=Stephen%20Robert%20%2762%20Campus%20Center%2C%20Faunce%20House%20Providence%20RI%2002912,https://www.brown.edu/a-z/student-activities-office,https://www.brown.edu/a-z
unit_site_15316,Student Conduct,student-conduct@brown.edu,401-863-3145,"Graduate Center E | Providence , RI 02912 | 42 Charlesfield Street, 4th Floor",https://www.google.com/maps/dir/?api=1&destination=Graduate%20Center%20E%20Providence%20RI%2002912,https://www.brown.edu/a-z/student-conduct,https://www.brown.edu/a-z
unit_site_15321,Student Employment,student_employment@brown.edu,401-863-9922,"Page-Robinson Hall, 2nd Floor | Providence , RI 02912 | 69 Brown Street",https://www.google.com/maps/dir/?api=1&destination=Page-Robinson%20Hall%2C%202nd%20Floor%20Providence%20RI%2002912,https://www.brown.edu/a-z/student-employment,https://www.brown.edu/a-z
unit_site_14481,Student Financial Services,Bursar@brown.edu,401-863-2484,,,https://www.brown.edu/a-z/student-financial-services,https://www.brown.edu/a-z
unit_site_15466,Student Organizations,,,,,https://www.brown.edu/a-z/student-organizations,https://www.brown.edu/a-z
unit_site_15326,Student Support Services,studentsupport@brown.edu,401-863-3145,"Page-Robinson Hall, 5th Floor | Providence , RI 02912 | 69 Brown Street",https://www.google.com/maps/dir/?api=1&destination=Page-Robinson%20Hall%2C%205th%20Floor%20Providence%20RI%2002912,https://www.brown.edu/a-z/student-support-services,https://www.brown.edu/a-z
unit_site_14596,Center for the Study of Race and Ethnicity in America,csrea@brown.edu,401-863-5775,"96 Waterman Street | Providence , RI 02912",https://www.google.com/maps/dir/?api=1&destination=96%20Waterman%20Street%20Providence%20RI%2002912,https://www.brown.edu/a-z/center-study-race-and-ethnicity-america,https://www.brown.edu/a-z
unit_site_14601,Ruth J. Simmons Center for the Study of Slavery and Justice,slaveryjustice@brown.edu,401-863-5863,"94 Waterman Street | Providence , RI 02912",https://www.google.com/maps/dir/?api=1&destination=94%20Waterman%20Street%20Providence%20RI%2002912,https://www.brown.edu/a-z/ruth-j-simmons-center-study-slavery-and-justice,https://www.brown.edu/a-z
unit_site_15331,Superfund Research Program,,,,,https://www.brown.edu/a-z/superfund-research-program,https://www.brown.edu/a-z
unit_site_15151,Office of Sustainability and Resiliency,Sustainability@brown.edu,401-863-7850,"295 Lloyd Avenue | Providence , RI 02912",https://www.google.com/maps/dir/?api=1&destination=295%20Lloyd%20Avenue%20Providence%20RI%2002912,https://www.brown.edu/a-z/office-sustainability-and-resiliency,https://www.brown.edu/a-z
unit_site_15336,Swearer Center,swearer_center@brown.edu,401-863-2338,"25 George Street | Providence , RI 02912",https://www.google.com/maps/dir/?api=1&destination=25%20George%20Street%20Providence%20RI%2002912,https://www.brown.edu/a-z/swearer-center,https://www.brown.edu/a-z
unit_site_31380,Taubman Center for American Politics and Policy,taubman_center@brown.edu,+1 401 863 6237,,,https://www.brown.edu/a-z/taubman-center-american-politics-and-policy,https://www.brown.edu/a-z
unit_site_14671,The Bell,,401-863-2932,"List Art Building | Providence , RI 02912 | 64 College Street",https://www.google.com/maps/dir/?api=1&destination=List%20Art%20Building%20%20Providence%20RI%2002912,https://www.brown.edu/a-z/bell,https://www.brown.edu/a-z
unit_site_14876,Department of Theatre Arts and Performance Studies,taps@brown.edu,401-863-3283,"83 Waterman Street | Providence , RI 02912",https://www.google.com/maps/dir/?api=1&destination=83%20Waterman%20Street%20Providence%20RI%2002912,https://www.brown.edu/a-z/department-theatre-arts-and-performance-studies,https://www.brown.edu/a-z
unit_site_15441,Lizzie & Jonathan Tisch Center for Career Exploration,careercenter@brown.edu,401-863-3326,"167 Angell Street | Providence , RI 02912",https://www.google.com/maps/dir/?api=1&destination=167%20Angell%20Street%20Providence%20RI%2002912,https://www.brown.edu/a-z/lizzie-jonathan-tisch-center-career-exploration,https://www.brown.edu/a-z
unit_site_15346,Title IX and Gender Equity,titleixoffice@brown.edu,401-863-5140,"Horace Mann | Providence , RI 02912 | 3rd Floor",https://www.google.com/maps/dir/?api=1&destination=Horace%20Mann%20Providence%20RI%2002912,https://www.brown.edu/a-z/title-ix-and-gender-equity,https://www.brown.edu/a-z
unit_site_15351,Transportation Office,transportation@brown.edu,4018637415,"Page-Robinson Hall, Suite 511 | Providence , RI 02912 | 69 Brown Street",https://www.google.com/maps/dir/?api=1&destination=Page-Robinson%20Hall%2C%20Suite%20511%20Providence%20RI%2002912,https://www.brown.edu/a-z/transportation-office,https://www.brown.edu/a-z
unit_site_31099,Brown Travel,,,,,https://www.brown.edu/a-z/brown-travel,https://www.brown.edu/a-z
unit_site_15356,Treasury Office,,,"South Street Landing | Providence , RI 02903 | 350 Eddy Street, 4th Floor",https://www.google.com/maps/dir/?api=1&destination=South%20Street%20Landing%20Providence%20RI%2002903,https://www.brown.edu/a-z/treasury-office,https://www.brown.edu/a-z
unit_site_15366,Undergraduate School Admission,admission@brown.edu,401-863-2378,,,https://www.brown.edu/a-z/undergraduate-school-admission,https://www.brown.edu/a-z
unit_site_15371,"Undergraduate, Transfer, Visiting & RUE Student Orientation",Orientation@brown.edu,,,,https://www.brown.edu/a-z/undergraduate-transfer-visiting-rue-student-orientation,https://www.brown.edu/a-z
unit_site_15376,"Undocumented, First-Generation College and Low-Income Student Center",uflicenter@brown.edu,,"Sciences Library, 5th Floor | Providence , RI 02912 | 201 Thayer Street",https://www.google.com/maps/dir/?api=1&destination=Sciences%20Library%2C%205th%20Floor%20Providence%20RI%2002912,https://www.brown.edu/a-z/undocumented-first-generation-college-and-low-income-student-center,https://www.brown.edu/a-z
unit_site_15381,University Communications,marketing_communications@brown.edu,401-863-6262,"South Street Landing, 5th Floor | Providence , RI 02903 | 350 Eddy Street",https://www.google.com/maps/dir/?api=1&destination=South%20Street%20Landing%2C%205th%20Floor%20Providence%20RI%2002903,https://www.brown.edu/a-z/university-communications,https://www.brown.edu/a-z
unit_site_31821,University Resources Committee (URC),,,,,https://www.brown.edu/a-z/university-resources-committee-urc,https://www.brown.edu/a-z
unit_site_31659,Urban Studies,,,,,https://www.brown.edu/a-z/urban-studies,https://www.brown.edu/a-z
unit_site_15176,Office of the Vice President and General Counsel,,401-863-3122,"South Street Landing | Providence , RI 02903 | 350 Eddy Street",https://www.google.com/maps/dir/?api=1&destination=South%20Street%20Landing%20Providence%20RI%2002903,https://www.brown.edu/a-z/office-vice-president-and-general-counsel,https://www.brown.edu/a-z
unit_site_14881,Department of Visual Art,,401-863-2423,"List Art Building | Providence , RI 02912 | 64 College Street",https://www.google.com/maps/dir/?api=1&destination=List%20Art%20Building%20Providence%20RI%2002912,https://www.brown.edu/a-z/department-visual-art,https://www.brown.edu/a-z
unit_site_15401,Warren Alpert Medical School,,401-863-3330,"222 Richmond Street | Providence , RI 02903",https://www.google.com/maps/dir/?api=1&destination=222%20Richmond%20Street%20Providence%20RI%2002903,https://www.brown.edu/a-z/warren-alpert-medical-school,https://www.brown.edu/a-z
unit_site_15476,Watson School of International and Public Affairs,watson_school@brown.edu,401-863-2809,"111 Thayer Street | Providence , RI 02912",https://www.google.com/maps/dir/?api=1&destination=111%20Thayer%20Street%20Providence%20RI%2002912,https://www.brown.edu/a-z/watson-school-international-and-public-affairs,https://www.brown.edu/a-z
unit_site_29889,Wedding Planning at Brown,,,,,https://www.brown.edu/a-z/weddings,https://www.brown.edu/a-z
unit_site_31257,The William R. Rhodes Center for International Economics and Finance,,,,,https://www.brown.edu/a-z/william-r-rhodes-center-international-economics-and-finance,https://www.brown.edu/a-z
unit_site_15411,Winter Session,wintersession@brown.edu,,,,https://www.brown.edu/a-z/winter-session,https://www.brown.edu/a-z
unit_site_15426,Workday@Brown,workdayprogram@brown.edu,,,,https://www.brown.edu/a-z/workdaybrown,https://www.brown.edu/a-z
